kind,n_inducing,mean_std_mean_diff,q95_std_mean_diff,mean_abs_sd_ratio_error,q95_abs_sd_ratio_error,mean_abs_width_ratio_error,q95_abs_width_ratio_error,n_reps,passes
raw_eq,80,0.08781978364477583,0.22186933032316258,0.3573229543647025,0.4869088179833207,0.35668074622924484,0.4930217561000055,1000,False
raw_eq,120,0.06311659639863615,0.1551236403552863,0.1216965020887007,0.18089855174675867,0.12273405322773893,0.1931679016772711,1000,False
raw_eq,160,0.04771669990715592,0.11897433593802627,0.060282631558222936,0.10902233772185532,0.06135366958149671,0.12040345790349173,1000,False
raw_eq,200,0.03838768906986926,0.09810646763463111,0.03022012073547086,0.06777487900157443,0.03457369105805962,0.08169052687560466,1000,True
raw_eq,240,0.03408444532523612,0.08485943163549489,0.02037425325535486,0.05138994049252052,0.02591204146518023,0.0634867286728068,1000,True
raw_eq,280,0.029961970600032285,0.07346896279831801,0.017934157282717345,0.04442574017937657,0.024547526682697576,0.060427382234655706,1000,True
raw_eq,320,0.028674159058011444,0.06855502082382955,0.018358158477194485,0.04649718320017607,0.024421165089600853,0.062202659391941736,1000,True
raw_eq,400,0.02666803436310773,0.06436456219509007,0.017844323487551737,0.04368798816785071,0.024262090176495554,0.06188583644133491,1000,True
raw_eq,480,0.02717406402807162,0.06781426788730344,0.017815184303038287,0.044485281268505907,0.024098280656561593,0.05845159063078991,1000,True
