run_name,run_dir,n,reps,draws,nominal_coverage,signal_sd,scenario,n_inducing,pi_clip,estimand,kind,variant,target,method,reference_method,gp_mean_standardization,n_reps_complete,mean_predictive_mean_standardized_rmse,q95_predictive_mean_standardized_rmse,mean_predictive_cov_relative_frobenius,q95_predictive_cov_relative_frobenius,mean_standardized_mean_abs_diff,q95_standardized_mean_abs_diff,mean_sd_ratio,mean_abs_sd_ratio_error,q95_abs_sd_ratio_error,mean_ci_width_ratio,mean_abs_ci_width_ratio_error,q95_abs_ci_width_ratio_error,bias,absolute_bias,standardized_abs_bias,mean_abs_error,rmse,coverage,coverage_error,coverage_wilson_lower,coverage_wilson_upper,mean_ci_width,mean_posterior_sd,empirical_sd_posterior_mean,empirical_to_posterior_sd_ratio,abs_empirical_to_posterior_sd_ratio_error,pass_gp_mean,pass_gp_cov,pass_mean,pass_sd,pass_width,pass_coverage,pass_bias,passes_threshold
three_m_n1000_map_j1e8_logistic_r200_20260805,<source-workspace>/outputs/module5_svgp/three_m_n1000_map_j1e8_logistic_r200_20260805,1000,200,2000,0.95,1.0,strong_heterogeneous,80,,counterfactual_process,gp_raw_eq,raw,exact_gp_counterfactual_posterior,svgp,exact_gp,exact_counterfactual_rms_posterior_sd,200,0.3450117109118277,0.5625974904981704,1.0973952315764455,2.2691254020282705,,,,,,,,,,,,,,,,,,,,,,,False,False,,,,,,False
three_m_n1000_map_j1e8_logistic_r200_20260805,<source-workspace>/outputs/module5_svgp/three_m_n1000_map_j1e8_logistic_r200_20260805,1000,200,2000,0.95,1.0,strong_heterogeneous,120,,counterfactual_process,gp_raw_eq,raw,exact_gp_counterfactual_posterior,svgp,exact_gp,exact_counterfactual_rms_posterior_sd,200,0.23320041621045517,0.4330896006476337,0.40106849803277345,0.9399423471146546,,,,,,,,,,,,,,,,,,,,,,,False,False,,,,,,False
three_m_n1000_map_j1e8_logistic_r200_20260805,<source-workspace>/outputs/module5_svgp/three_m_n1000_map_j1e8_logistic_r200_20260805,1000,200,2000,0.95,1.0,strong_heterogeneous,160,,counterfactual_process,gp_raw_eq,raw,exact_gp_counterfactual_posterior,svgp,exact_gp,exact_counterfactual_rms_posterior_sd,200,0.15608893090887796,0.3151889537737407,0.18713308472186369,0.48559006142730404,,,,,,,,,,,,,,,,,,,,,,,False,False,,,,,,False
three_m_n1000_map_j1e8_logistic_r200_20260805,<source-workspace>/outputs/module5_svgp/three_m_n1000_map_j1e8_logistic_r200_20260805,1000,200,2000,0.95,1.0,strong_heterogeneous,240,,counterfactual_process,gp_raw_eq,raw,exact_gp_counterfactual_posterior,svgp,exact_gp,exact_counterfactual_rms_posterior_sd,200,0.06061661963981264,0.14395971810524189,0.056451283542273537,0.16653460611932494,,,,,,,,,,,,,,,,,,,,,,,True,True,,,,,,True
three_m_n1000_map_j1e8_logistic_r200_20260805,<source-workspace>/outputs/module5_svgp/three_m_n1000_map_j1e8_logistic_r200_20260805,1000,200,2000,0.95,1.0,strong_heterogeneous,320,,counterfactual_process,gp_raw_eq,raw,exact_gp_counterfactual_posterior,svgp,exact_gp,exact_counterfactual_rms_posterior_sd,200,0.02549073999966354,0.07072058732345951,0.02144589024672121,0.06936170566060915,,,,,,,,,,,,,,,,,,,,,,,True,True,,,,,,True
three_m_n1000_map_j1e8_logistic_r200_20260805,<source-workspace>/outputs/module5_svgp/three_m_n1000_map_j1e8_logistic_r200_20260805,1000,200,2000,0.95,1.0,strong_heterogeneous,400,,counterfactual_process,gp_raw_eq,raw,exact_gp_counterfactual_posterior,svgp,exact_gp,exact_counterfactual_rms_posterior_sd,200,0.012944943224528507,0.038287513044173625,0.009640622279224036,0.033383929500655475,,,,,,,,,,,,,,,,,,,,,,,True,True,,,,,,True
three_m_n1000_map_j1e8_logistic_r200_20260805,<source-workspace>/outputs/module5_svgp/three_m_n1000_map_j1e8_logistic_r200_20260805,1000,200,2000,0.95,1.0,strong_heterogeneous,480,,counterfactual_process,gp_raw_eq,raw,exact_gp_counterfactual_posterior,svgp,exact_gp,exact_counterfactual_rms_posterior_sd,200,0.007139566175015824,0.023864252167852266,0.00489850129505417,0.01814588130868418,,,,,,,,,,,,,,,,,,,,,,,True,True,,,,,,True
three_m_n1000_map_j1e8_logistic_r200_20260805,<source-workspace>/outputs/module5_svgp/three_m_n1000_map_j1e8_logistic_r200_20260805,1000,200,2000,0.95,1.0,strong_heterogeneous,560,,counterfactual_process,gp_raw_eq,raw,exact_gp_counterfactual_posterior,svgp,exact_gp,exact_counterfactual_rms_posterior_sd,200,0.0041714235972341186,0.014657422647530264,0.0026922586658582747,0.01020998095267821,,,,,,,,,,,,,,,,,,,,,,,True,True,,,,,,True
three_m_n1000_map_j1e8_logistic_r200_20260805,<source-workspace>/outputs/module5_svgp/three_m_n1000_map_j1e8_logistic_r200_20260805,1000,200,2000,0.95,1.0,strong_homogeneous,80,,counterfactual_process,gp_raw_eq,raw,exact_gp_counterfactual_posterior,svgp,exact_gp,exact_counterfactual_rms_posterior_sd,200,0.3003845524859846,0.5419982594616569,0.9123036870713852,2.038064411477332,,,,,,,,,,,,,,,,,,,,,,,False,False,,,,,,False
three_m_n1000_map_j1e8_logistic_r200_20260805,<source-workspace>/outputs/module5_svgp/three_m_n1000_map_j1e8_logistic_r200_20260805,1000,200,2000,0.95,1.0,strong_homogeneous,120,,counterfactual_process,gp_raw_eq,raw,exact_gp_counterfactual_posterior,svgp,exact_gp,exact_counterfactual_rms_posterior_sd,200,0.19605751337771543,0.37962515578491307,0.3105212778074513,0.7891293518385908,,,,,,,,,,,,,,,,,,,,,,,False,False,,,,,,False
three_m_n1000_map_j1e8_logistic_r200_20260805,<source-workspace>/outputs/module5_svgp/three_m_n1000_map_j1e8_logistic_r200_20260805,1000,200,2000,0.95,1.0,strong_homogeneous,160,,counterfactual_process,gp_raw_eq,raw,exact_gp_counterfactual_posterior,svgp,exact_gp,exact_counterfactual_rms_posterior_sd,200,0.12974703931041026,0.2836361032956581,0.14161689131964586,0.39254933333908215,,,,,,,,,,,,,,,,,,,,,,,False,False,,,,,,False
three_m_n1000_map_j1e8_logistic_r200_20260805,<source-workspace>/outputs/module5_svgp/three_m_n1000_map_j1e8_logistic_r200_20260805,1000,200,2000,0.95,1.0,strong_homogeneous,240,,counterfactual_process,gp_raw_eq,raw,exact_gp_counterfactual_posterior,svgp,exact_gp,exact_counterfactual_rms_posterior_sd,200,0.04770412956863909,0.12236708588983813,0.041200792806940945,0.1322592287165822,,,,,,,,,,,,,,,,,,,,,,,True,True,,,,,,True
three_m_n1000_map_j1e8_logistic_r200_20260805,<source-workspace>/outputs/module5_svgp/three_m_n1000_map_j1e8_logistic_r200_20260805,1000,200,2000,0.95,1.0,strong_homogeneous,320,,counterfactual_process,gp_raw_eq,raw,exact_gp_counterfactual_posterior,svgp,exact_gp,exact_counterfactual_rms_posterior_sd,200,0.019741760774905703,0.05765509948893861,0.015279458397061326,0.049129114139797286,,,,,,,,,,,,,,,,,,,,,,,True,True,,,,,,True
three_m_n1000_map_j1e8_logistic_r200_20260805,<source-workspace>/outputs/module5_svgp/three_m_n1000_map_j1e8_logistic_r200_20260805,1000,200,2000,0.95,1.0,strong_homogeneous,400,,counterfactual_process,gp_raw_eq,raw,exact_gp_counterfactual_posterior,svgp,exact_gp,exact_counterfactual_rms_posterior_sd,200,0.009500131262950143,0.029599773555643485,0.006683408270333946,0.02361759319750227,,,,,,,,,,,,,,,,,,,,,,,True,True,,,,,,True
three_m_n1000_map_j1e8_logistic_r200_20260805,<source-workspace>/outputs/module5_svgp/three_m_n1000_map_j1e8_logistic_r200_20260805,1000,200,2000,0.95,1.0,strong_homogeneous,480,,counterfactual_process,gp_raw_eq,raw,exact_gp_counterfactual_posterior,svgp,exact_gp,exact_counterfactual_rms_posterior_sd,200,0.005114911017929236,0.016281862482045738,0.003320455610258148,0.012365869034922056,,,,,,,,,,,,,,,,,,,,,,,True,True,,,,,,True
three_m_n1000_map_j1e8_logistic_r200_20260805,<source-workspace>/outputs/module5_svgp/three_m_n1000_map_j1e8_logistic_r200_20260805,1000,200,2000,0.95,1.0,strong_homogeneous,560,,counterfactual_process,gp_raw_eq,raw,exact_gp_counterfactual_posterior,svgp,exact_gp,exact_counterfactual_rms_posterior_sd,200,0.002890461143837628,0.010815012046436074,0.0017935524201134606,0.006763006008519586,,,,,,,,,,,,,,,,,,,,,,,True,True,,,,,,True
three_m_n1000_map_j1e8_logistic_r200_20260805,<source-workspace>/outputs/module5_svgp/three_m_n1000_map_j1e8_logistic_r200_20260805,1000,200,2000,0.95,1.0,weak_heterogeneous,80,,counterfactual_process,gp_raw_eq,raw,exact_gp_counterfactual_posterior,svgp,exact_gp,exact_counterfactual_rms_posterior_sd,200,0.31484413223436614,0.511102538316242,0.7704006292237855,1.5856064629036446,,,,,,,,,,,,,,,,,,,,,,,False,False,,,,,,False
three_m_n1000_map_j1e8_logistic_r200_20260805,<source-workspace>/outputs/module5_svgp/three_m_n1000_map_j1e8_logistic_r200_20260805,1000,200,2000,0.95,1.0,weak_heterogeneous,120,,counterfactual_process,gp_raw_eq,raw,exact_gp_counterfactual_posterior,svgp,exact_gp,exact_counterfactual_rms_posterior_sd,200,0.2009338295274715,0.38200946865421254,0.2736770182327765,0.6639787290025229,,,,,,,,,,,,,,,,,,,,,,,False,False,,,,,,False
three_m_n1000_map_j1e8_logistic_r200_20260805,<source-workspace>/outputs/module5_svgp/three_m_n1000_map_j1e8_logistic_r200_20260805,1000,200,2000,0.95,1.0,weak_heterogeneous,160,,counterfactual_process,gp_raw_eq,raw,exact_gp_counterfactual_posterior,svgp,exact_gp,exact_counterfactual_rms_posterior_sd,200,0.13076478346999157,0.26919890285881315,0.12447517919032389,0.3255025940710003,,,,,,,,,,,,,,,,,,,,,,,False,False,,,,,,False
three_m_n1000_map_j1e8_logistic_r200_20260805,<source-workspace>/outputs/module5_svgp/three_m_n1000_map_j1e8_logistic_r200_20260805,1000,200,2000,0.95,1.0,weak_heterogeneous,240,,counterfactual_process,gp_raw_eq,raw,exact_gp_counterfactual_posterior,svgp,exact_gp,exact_counterfactual_rms_posterior_sd,200,0.05066921808355232,0.11941067823683821,0.03661675330566739,0.10424577403348226,,,,,,,,,,,,,,,,,,,,,,,True,True,,,,,,True
three_m_n1000_map_j1e8_logistic_r200_20260805,<source-workspace>/outputs/module5_svgp/three_m_n1000_map_j1e8_logistic_r200_20260805,1000,200,2000,0.95,1.0,weak_heterogeneous,320,,counterfactual_process,gp_raw_eq,raw,exact_gp_counterfactual_posterior,svgp,exact_gp,exact_counterfactual_rms_posterior_sd,200,0.021414959862352364,0.055476708272129166,0.013752551194136112,0.0436211991435689,,,,,,,,,,,,,,,,,,,,,,,True,True,,,,,,True
three_m_n1000_map_j1e8_logistic_r200_20260805,<source-workspace>/outputs/module5_svgp/three_m_n1000_map_j1e8_logistic_r200_20260805,1000,200,2000,0.95,1.0,weak_heterogeneous,400,,counterfactual_process,gp_raw_eq,raw,exact_gp_counterfactual_posterior,svgp,exact_gp,exact_counterfactual_rms_posterior_sd,200,0.010487070245908194,0.02974060646108782,0.006125314024919617,0.021069854472229844,,,,,,,,,,,,,,,,,,,,,,,True,True,,,,,,True
three_m_n1000_map_j1e8_logistic_r200_20260805,<source-workspace>/outputs/module5_svgp/three_m_n1000_map_j1e8_logistic_r200_20260805,1000,200,2000,0.95,1.0,weak_heterogeneous,480,,counterfactual_process,gp_raw_eq,raw,exact_gp_counterfactual_posterior,svgp,exact_gp,exact_counterfactual_rms_posterior_sd,200,0.005684761869795536,0.016951892030224985,0.0030298224026971336,0.010824029372089882,,,,,,,,,,,,,,,,,,,,,,,True,True,,,,,,True
three_m_n1000_map_j1e8_logistic_r200_20260805,<source-workspace>/outputs/module5_svgp/three_m_n1000_map_j1e8_logistic_r200_20260805,1000,200,2000,0.95,1.0,weak_heterogeneous,560,,counterfactual_process,gp_raw_eq,raw,exact_gp_counterfactual_posterior,svgp,exact_gp,exact_counterfactual_rms_posterior_sd,200,0.0032488834033191478,0.010214931917840174,0.0016291139477363212,0.005756897285799727,,,,,,,,,,,,,,,,,,,,,,,True,True,,,,,,True
three_m_n1000_map_j1e8_logistic_r200_20260805,<source-workspace>/outputs/module5_svgp/three_m_n1000_map_j1e8_logistic_r200_20260805,1000,200,2000,0.95,1.0,weak_homogeneous,80,,counterfactual_process,gp_raw_eq,raw,exact_gp_counterfactual_posterior,svgp,exact_gp,exact_counterfactual_rms_posterior_sd,200,0.28073748217702693,0.4913105949207331,0.6703710744289144,1.5330409470553676,,,,,,,,,,,,,,,,,,,,,,,False,False,,,,,,False
three_m_n1000_map_j1e8_logistic_r200_20260805,<source-workspace>/outputs/module5_svgp/three_m_n1000_map_j1e8_logistic_r200_20260805,1000,200,2000,0.95,1.0,weak_homogeneous,120,,counterfactual_process,gp_raw_eq,raw,exact_gp_counterfactual_posterior,svgp,exact_gp,exact_counterfactual_rms_posterior_sd,200,0.18007606536700238,0.35919246091107687,0.23331807291590503,0.601307404346744,,,,,,,,,,,,,,,,,,,,,,,False,False,,,,,,False
three_m_n1000_map_j1e8_logistic_r200_20260805,<source-workspace>/outputs/module5_svgp/three_m_n1000_map_j1e8_logistic_r200_20260805,1000,200,2000,0.95,1.0,weak_homogeneous,160,,counterfactual_process,gp_raw_eq,raw,exact_gp_counterfactual_posterior,svgp,exact_gp,exact_counterfactual_rms_posterior_sd,200,0.1155524141814299,0.26044198478177766,0.10586490239086281,0.2876084418268389,,,,,,,,,,,,,,,,,,,,,,,False,False,,,,,,False
three_m_n1000_map_j1e8_logistic_r200_20260805,<source-workspace>/outputs/module5_svgp/three_m_n1000_map_j1e8_logistic_r200_20260805,1000,200,2000,0.95,1.0,weak_homogeneous,240,,counterfactual_process,gp_raw_eq,raw,exact_gp_counterfactual_posterior,svgp,exact_gp,exact_counterfactual_rms_posterior_sd,200,0.0431499781935808,0.1195874046761782,0.030487711455941948,0.09342019543387865,,,,,,,,,,,,,,,,,,,,,,,True,True,,,,,,True
three_m_n1000_map_j1e8_logistic_r200_20260805,<source-workspace>/outputs/module5_svgp/three_m_n1000_map_j1e8_logistic_r200_20260805,1000,200,2000,0.95,1.0,weak_homogeneous,320,,counterfactual_process,gp_raw_eq,raw,exact_gp_counterfactual_posterior,svgp,exact_gp,exact_counterfactual_rms_posterior_sd,200,0.01726557640942827,0.053003611354774084,0.011251679540672521,0.038203848889373226,,,,,,,,,,,,,,,,,,,,,,,True,True,,,,,,True
three_m_n1000_map_j1e8_logistic_r200_20260805,<source-workspace>/outputs/module5_svgp/three_m_n1000_map_j1e8_logistic_r200_20260805,1000,200,2000,0.95,1.0,weak_homogeneous,400,,counterfactual_process,gp_raw_eq,raw,exact_gp_counterfactual_posterior,svgp,exact_gp,exact_counterfactual_rms_posterior_sd,200,0.008514602528848685,0.0272232751458191,0.004903620505360802,0.018480176606780082,,,,,,,,,,,,,,,,,,,,,,,True,True,,,,,,True
three_m_n1000_map_j1e8_logistic_r200_20260805,<source-workspace>/outputs/module5_svgp/three_m_n1000_map_j1e8_logistic_r200_20260805,1000,200,2000,0.95,1.0,weak_homogeneous,480,,counterfactual_process,gp_raw_eq,raw,exact_gp_counterfactual_posterior,svgp,exact_gp,exact_counterfactual_rms_posterior_sd,200,0.00458009873334926,0.014780578331955471,0.002423738232446124,0.008568369176374805,,,,,,,,,,,,,,,,,,,,,,,True,True,,,,,,True
three_m_n1000_map_j1e8_logistic_r200_20260805,<source-workspace>/outputs/module5_svgp/three_m_n1000_map_j1e8_logistic_r200_20260805,1000,200,2000,0.95,1.0,weak_homogeneous,560,,counterfactual_process,gp_raw_eq,raw,exact_gp_counterfactual_posterior,svgp,exact_gp,exact_counterfactual_rms_posterior_sd,200,0.0026343079557804737,0.009029277236876888,0.0013261196144255798,0.005277324386306894,,,,,,,,,,,,,,,,,,,,,,,True,True,,,,,,True
three_m_n1000_map_j1e8_logistic_r200_20260805,<source-workspace>/outputs/module5_svgp/three_m_n1000_map_j1e8_logistic_r200_20260805,1000,200,2000,0.95,1.0,strong_heterogeneous,80,0.02,population_ate_bb,raw_eq,raw,exact_gp_posterior,svgp,exact_gp,,200,,,,,0.07596507101522035,0.18330207878704285,1.0636854931440047,0.06596041421591747,0.17836551269976847,1.0648369893650038,0.06940740371562626,0.17684748935557404,,,,,,,,,,,,,,,,,True,False,False,,,False
three_m_n1000_map_j1e8_logistic_r200_20260805,<source-workspace>/outputs/module5_svgp/three_m_n1000_map_j1e8_logistic_r200_20260805,1000,200,2000,0.95,1.0,strong_heterogeneous,120,0.02,population_ate_bb,raw_eq,raw,exact_gp_posterior,svgp,exact_gp,,200,,,,,0.05426087149364789,0.13712884304135575,1.0160545811424773,0.02465433866792688,0.06408019320851985,1.0152420376784115,0.02765171658449558,0.07267757146423057,,,,,,,,,,,,,,,,,True,True,True,,,True
three_m_n1000_map_j1e8_logistic_r200_20260805,<source-workspace>/outputs/module5_svgp/three_m_n1000_map_j1e8_logistic_r200_20260805,1000,200,2000,0.95,1.0,strong_heterogeneous,160,0.02,population_ate_bb,raw_eq,raw,exact_gp_posterior,svgp,exact_gp,,200,,,,,0.04321549435343654,0.10665693937116384,1.0060770059785327,0.018266400456048305,0.045708123385208334,1.0063397791836477,0.023802114893814518,0.052326881722388904,,,,,,,,,,,,,,,,,True,True,True,,,True
three_m_n1000_map_j1e8_logistic_r200_20260805,<source-workspace>/outputs/module5_svgp/three_m_n1000_map_j1e8_logistic_r200_20260805,1000,200,2000,0.95,1.0,strong_heterogeneous,240,0.02,population_ate_bb,raw_eq,raw,exact_gp_posterior,svgp,exact_gp,,200,,,,,0.03185900791563716,0.07303615871566516,1.0014513869492325,0.016305292140366964,0.04040015631564007,1.002624027153445,0.023788181961457208,0.05697749425104241,,,,,,,,,,,,,,,,,True,True,True,,,True
three_m_n1000_map_j1e8_logistic_r200_20260805,<source-workspace>/outputs/module5_svgp/three_m_n1000_map_j1e8_logistic_r200_20260805,1000,200,2000,0.95,1.0,strong_heterogeneous,320,0.02,population_ate_bb,raw_eq,raw,exact_gp_posterior,svgp,exact_gp,,200,,,,,0.026191085347972768,0.05906438753796705,1.0004021448187908,0.018295885957630795,0.04001051584358391,1.0015825049175862,0.02440271631507278,0.055385704901322906,,,,,,,,,,,,,,,,,True,True,True,,,True
three_m_n1000_map_j1e8_logistic_r200_20260805,<source-workspace>/outputs/module5_svgp/three_m_n1000_map_j1e8_logistic_r200_20260805,1000,200,2000,0.95,1.0,strong_heterogeneous,400,0.02,population_ate_bb,raw_eq,raw,exact_gp_posterior,svgp,exact_gp,,200,,,,,0.026001043933226956,0.06420973615801116,1.0011356404035452,0.017075328144574433,0.03968609659118412,1.0011129223718347,0.022250693543760844,0.051825124850850245,,,,,,,,,,,,,,,,,True,True,True,,,True
three_m_n1000_map_j1e8_logistic_r200_20260805,<source-workspace>/outputs/module5_svgp/three_m_n1000_map_j1e8_logistic_r200_20260805,1000,200,2000,0.95,1.0,strong_heterogeneous,480,0.02,population_ate_bb,raw_eq,raw,exact_gp_posterior,svgp,exact_gp,,200,,,,,0.025359449166937366,0.05809716662148293,1.001452714220215,0.017161955680301703,0.04201888929106035,1.0024987507276581,0.022698744497991596,0.06211799665268323,,,,,,,,,,,,,,,,,True,True,True,,,True
three_m_n1000_map_j1e8_logistic_r200_20260805,<source-workspace>/outputs/module5_svgp/three_m_n1000_map_j1e8_logistic_r200_20260805,1000,200,2000,0.95,1.0,strong_heterogeneous,560,0.02,population_ate_bb,raw_eq,raw,exact_gp_posterior,svgp,exact_gp,,200,,,,,0.02591310391200617,0.059250789724016865,1.001053073232847,0.01697588704325397,0.04345576793369259,1.0019618930134329,0.02196146861730876,0.06120045315228213,,,,,,,,,,,,,,,,,True,True,True,,,True
three_m_n1000_map_j1e8_logistic_r200_20260805,<source-workspace>/outputs/module5_svgp/three_m_n1000_map_j1e8_logistic_r200_20260805,1000,200,2000,0.95,1.0,strong_homogeneous,80,0.02,population_ate_bb,raw_eq,raw,exact_gp_posterior,svgp,exact_gp,,200,,,,,0.06296058557906775,0.17204578008428656,1.04172989714544,0.04659651485280555,0.1297777086199666,1.0426729371780425,0.04874552641353052,0.14188296763140382,,,,,,,,,,,,,,,,,True,True,True,,,True
three_m_n1000_map_j1e8_logistic_r200_20260805,<source-workspace>/outputs/module5_svgp/three_m_n1000_map_j1e8_logistic_r200_20260805,1000,200,2000,0.95,1.0,strong_homogeneous,120,0.02,population_ate_bb,raw_eq,raw,exact_gp_posterior,svgp,exact_gp,,200,,,,,0.048857858197769284,0.14273472465868287,1.0076483595102388,0.019470624465079415,0.04678567322834123,1.0070121523585491,0.023901019836150453,0.061492397107505,,,,,,,,,,,,,,,,,True,True,True,,,True
three_m_n1000_map_j1e8_logistic_r200_20260805,<source-workspace>/outputs/module5_svgp/three_m_n1000_map_j1e8_logistic_r200_20260805,1000,200,2000,0.95,1.0,strong_homogeneous,160,0.02,population_ate_bb,raw_eq,raw,exact_gp_posterior,svgp,exact_gp,,200,,,,,0.039180873114913056,0.09940813911973985,1.0029875590461237,0.019293115801160242,0.046287894437836305,1.0039679651587028,0.023829219692185207,0.05944195852331024,,,,,,,,,,,,,,,,,True,True,True,,,True
three_m_n1000_map_j1e8_logistic_r200_20260805,<source-workspace>/outputs/module5_svgp/three_m_n1000_map_j1e8_logistic_r200_20260805,1000,200,2000,0.95,1.0,strong_homogeneous,240,0.02,population_ate_bb,raw_eq,raw,exact_gp_posterior,svgp,exact_gp,,200,,,,,0.02922388075923274,0.07903319453053828,1.0002665816682224,0.01844559530822352,0.04133065040749506,1.0014818912164456,0.023590558834256297,0.05592554123031427,,,,,,,,,,,,,,,,,True,True,True,,,True
three_m_n1000_map_j1e8_logistic_r200_20260805,<source-workspace>/outputs/module5_svgp/three_m_n1000_map_j1e8_logistic_r200_20260805,1000,200,2000,0.95,1.0,strong_homogeneous,320,0.02,population_ate_bb,raw_eq,raw,exact_gp_posterior,svgp,exact_gp,,200,,,,,0.026186885289293377,0.07004858284171704,0.998649330889797,0.018601587352517147,0.04554215215735129,0.998013772920254,0.02470351860255614,0.058502684312824495,,,,,,,,,,,,,,,,,True,True,True,,,True
three_m_n1000_map_j1e8_logistic_r200_20260805,<source-workspace>/outputs/module5_svgp/three_m_n1000_map_j1e8_logistic_r200_20260805,1000,200,2000,0.95,1.0,strong_homogeneous,400,0.02,population_ate_bb,raw_eq,raw,exact_gp_posterior,svgp,exact_gp,,200,,,,,0.0246951306073982,0.06659516706251963,0.9991885205200017,0.018621564518249825,0.043299680701043466,1.000893761712512,0.025454602173455045,0.060732455613864686,,,,,,,,,,,,,,,,,True,True,True,,,True
three_m_n1000_map_j1e8_logistic_r200_20260805,<source-workspace>/outputs/module5_svgp/three_m_n1000_map_j1e8_logistic_r200_20260805,1000,200,2000,0.95,1.0,strong_homogeneous,480,0.02,population_ate_bb,raw_eq,raw,exact_gp_posterior,svgp,exact_gp,,200,,,,,0.0272147028383782,0.06919569378720138,0.9991440929633688,0.01739741193422619,0.043341350565113915,0.9990527923930829,0.024985920549351667,0.061380695623369355,,,,,,,,,,,,,,,,,True,True,True,,,True
three_m_n1000_map_j1e8_logistic_r200_20260805,<source-workspace>/outputs/module5_svgp/three_m_n1000_map_j1e8_logistic_r200_20260805,1000,200,2000,0.95,1.0,strong_homogeneous,560,0.02,population_ate_bb,raw_eq,raw,exact_gp_posterior,svgp,exact_gp,,200,,,,,0.024505352949976043,0.0630497640097283,1.0008648969145206,0.0204721223340378,0.043206185340897006,1.0028157005643563,0.02522038375890869,0.055380732770469454,,,,,,,,,,,,,,,,,True,True,True,,,True
three_m_n1000_map_j1e8_logistic_r200_20260805,<source-workspace>/outputs/module5_svgp/three_m_n1000_map_j1e8_logistic_r200_20260805,1000,200,2000,0.95,1.0,weak_heterogeneous,80,0.02,population_ate_bb,raw_eq,raw,exact_gp_posterior,svgp,exact_gp,,200,,,,,0.0738814564142253,0.19912956101708995,1.0413007829258836,0.04516890393122343,0.11928766754323224,1.0423603666008776,0.04869414763956979,0.12389379639151095,,,,,,,,,,,,,,,,,True,True,True,,,True
three_m_n1000_map_j1e8_logistic_r200_20260805,<source-workspace>/outputs/module5_svgp/three_m_n1000_map_j1e8_logistic_r200_20260805,1000,200,2000,0.95,1.0,weak_heterogeneous,120,0.02,population_ate_bb,raw_eq,raw,exact_gp_posterior,svgp,exact_gp,,200,,,,,0.045899839087625856,0.12788992287026102,1.0069901628257705,0.020737005838534897,0.05164036727019368,1.0071354628414042,0.02593105794071705,0.06481047524952813,,,,,,,,,,,,,,,,,True,True,True,,,True
three_m_n1000_map_j1e8_logistic_r200_20260805,<source-workspace>/outputs/module5_svgp/three_m_n1000_map_j1e8_logistic_r200_20260805,1000,200,2000,0.95,1.0,weak_heterogeneous,160,0.02,population_ate_bb,raw_eq,raw,exact_gp_posterior,svgp,exact_gp,,200,,,,,0.03910316916024166,0.11213808531539911,1.000903781653995,0.01716320815822703,0.040183060301509706,1.0015765868297137,0.023613263598783116,0.055117662844157936,,,,,,,,,,,,,,,,,True,True,True,,,True
three_m_n1000_map_j1e8_logistic_r200_20260805,<source-workspace>/outputs/module5_svgp/three_m_n1000_map_j1e8_logistic_r200_20260805,1000,200,2000,0.95,1.0,weak_heterogeneous,240,0.02,population_ate_bb,raw_eq,raw,exact_gp_posterior,svgp,exact_gp,,200,,,,,0.028144648768433797,0.07351811751531072,0.9992413625091155,0.01808495344996146,0.043213959078145105,1.002328936774479,0.02394954870729003,0.0562145271144283,,,,,,,,,,,,,,,,,True,True,True,,,True
three_m_n1000_map_j1e8_logistic_r200_20260805,<source-workspace>/outputs/module5_svgp/three_m_n1000_map_j1e8_logistic_r200_20260805,1000,200,2000,0.95,1.0,weak_heterogeneous,320,0.02,population_ate_bb,raw_eq,raw,exact_gp_posterior,svgp,exact_gp,,200,,,,,0.024257842130300567,0.05871190742469905,0.9981630959607167,0.017328500307778473,0.04604689299541937,0.9987313877603928,0.022910640392832072,0.054058820939095004,,,,,,,,,,,,,,,,,True,True,True,,,True
three_m_n1000_map_j1e8_logistic_r200_20260805,<source-workspace>/outputs/module5_svgp/three_m_n1000_map_j1e8_logistic_r200_20260805,1000,200,2000,0.95,1.0,weak_heterogeneous,400,0.02,population_ate_bb,raw_eq,raw,exact_gp_posterior,svgp,exact_gp,,200,,,,,0.02532545779597146,0.05857402364228599,0.9986578271718086,0.017732783376573892,0.04211382699229462,0.9986044163376985,0.02413211831555739,0.05791411287408765,,,,,,,,,,,,,,,,,True,True,True,,,True
three_m_n1000_map_j1e8_logistic_r200_20260805,<source-workspace>/outputs/module5_svgp/three_m_n1000_map_j1e8_logistic_r200_20260805,1000,200,2000,0.95,1.0,weak_heterogeneous,480,0.02,population_ate_bb,raw_eq,raw,exact_gp_posterior,svgp,exact_gp,,200,,,,,0.023034325783910604,0.04948056850224788,0.9978909298620686,0.018572372749756972,0.04062816714268536,1.0007895102783197,0.02617434652740613,0.06428303657603446,,,,,,,,,,,,,,,,,True,True,True,,,True
three_m_n1000_map_j1e8_logistic_r200_20260805,<source-workspace>/outputs/module5_svgp/three_m_n1000_map_j1e8_logistic_r200_20260805,1000,200,2000,0.95,1.0,weak_heterogeneous,560,0.02,population_ate_bb,raw_eq,raw,exact_gp_posterior,svgp,exact_gp,,200,,,,,0.02357439308309157,0.05900963479205768,0.998604849009775,0.01638514959087299,0.04100829961139703,1.0016010612660913,0.02282983158497074,0.0632466727600967,,,,,,,,,,,,,,,,,True,True,True,,,True
three_m_n1000_map_j1e8_logistic_r200_20260805,<source-workspace>/outputs/module5_svgp/three_m_n1000_map_j1e8_logistic_r200_20260805,1000,200,2000,0.95,1.0,weak_homogeneous,80,0.02,population_ate_bb,raw_eq,raw,exact_gp_posterior,svgp,exact_gp,,200,,,,,0.07631948052415413,0.2119806436852293,1.0304693109618706,0.03562659662350019,0.09991524574057216,1.029007251894418,0.03935068767632405,0.08694240955199223,,,,,,,,,,,,,,,,,True,True,True,,,True
three_m_n1000_map_j1e8_logistic_r200_20260805,<source-workspace>/outputs/module5_svgp/three_m_n1000_map_j1e8_logistic_r200_20260805,1000,200,2000,0.95,1.0,weak_homogeneous,120,0.02,population_ate_bb,raw_eq,raw,exact_gp_posterior,svgp,exact_gp,,200,,,,,0.04715382072418741,0.12768634356519537,1.0042234198298907,0.019024560006760352,0.0476847269047399,1.004676464806321,0.023912094041183708,0.05582127280010275,,,,,,,,,,,,,,,,,True,True,True,,,True
three_m_n1000_map_j1e8_logistic_r200_20260805,<source-workspace>/outputs/module5_svgp/three_m_n1000_map_j1e8_logistic_r200_20260805,1000,200,2000,0.95,1.0,weak_homogeneous,160,0.02,population_ate_bb,raw_eq,raw,exact_gp_posterior,svgp,exact_gp,,200,,,,,0.03808241180177643,0.09762728486724315,1.001932920233534,0.018645330842729544,0.04255904992449191,1.0022881670428447,0.0230991348792626,0.05682393221091454,,,,,,,,,,,,,,,,,True,True,True,,,True
three_m_n1000_map_j1e8_logistic_r200_20260805,<source-workspace>/outputs/module5_svgp/three_m_n1000_map_j1e8_logistic_r200_20260805,1000,200,2000,0.95,1.0,weak_homogeneous,240,0.02,population_ate_bb,raw_eq,raw,exact_gp_posterior,svgp,exact_gp,,200,,,,,0.027914975901408134,0.06843678304569063,1.0000869378737827,0.0176493491866649,0.04658561287282193,0.9996635334714148,0.02438428914465038,0.05874355674791894,,,,,,,,,,,,,,,,,True,True,True,,,True
three_m_n1000_map_j1e8_logistic_r200_20260805,<source-workspace>/outputs/module5_svgp/three_m_n1000_map_j1e8_logistic_r200_20260805,1000,200,2000,0.95,1.0,weak_homogeneous,320,0.02,population_ate_bb,raw_eq,raw,exact_gp_posterior,svgp,exact_gp,,200,,,,,0.027739604118551916,0.06817233604999787,0.99921197635801,0.017221194486710445,0.038423894034524016,0.9986162241426095,0.022459120395863338,0.051657849014315506,,,,,,,,,,,,,,,,,True,True,True,,,True
three_m_n1000_map_j1e8_logistic_r200_20260805,<source-workspace>/outputs/module5_svgp/three_m_n1000_map_j1e8_logistic_r200_20260805,1000,200,2000,0.95,1.0,weak_homogeneous,400,0.02,population_ate_bb,raw_eq,raw,exact_gp_posterior,svgp,exact_gp,,200,,,,,0.02516670782104932,0.057390431962083384,1.0023165256410076,0.018742053865141387,0.04720637374552371,1.0022401444198479,0.022419670091300574,0.05446719251251449,,,,,,,,,,,,,,,,,True,True,True,,,True
three_m_n1000_map_j1e8_logistic_r200_20260805,<source-workspace>/outputs/module5_svgp/three_m_n1000_map_j1e8_logistic_r200_20260805,1000,200,2000,0.95,1.0,weak_homogeneous,480,0.02,population_ate_bb,raw_eq,raw,exact_gp_posterior,svgp,exact_gp,,200,,,,,0.023490742479599785,0.05493571454418793,1.0007921213687907,0.01728526236040202,0.04019200403610761,1.000895405688277,0.021269429127194116,0.05626898137364654,,,,,,,,,,,,,,,,,True,True,True,,,True
three_m_n1000_map_j1e8_logistic_r200_20260805,<source-workspace>/outputs/module5_svgp/three_m_n1000_map_j1e8_logistic_r200_20260805,1000,200,2000,0.95,1.0,weak_homogeneous,560,0.02,population_ate_bb,raw_eq,raw,exact_gp_posterior,svgp,exact_gp,,200,,,,,0.026136638509836437,0.06145338919933783,0.9998826884747458,0.018034354731667795,0.04441215520385592,0.9981326076904266,0.023898980001162546,0.05634415989947915,,,,,,,,,,,,,,,,,True,True,True,,,True
three_m_n1000_map_j1e8_logistic_r200_20260805,<source-workspace>/outputs/module5_svgp/three_m_n1000_map_j1e8_logistic_r200_20260805,1000,200,2000,0.95,1.0,strong_heterogeneous,80,0.02,population_ate_bb,corrected_eq,corrected,exact_gp_posterior,svgp_onestep_logistic_pi,exact_gp_onestep_logistic_pi,,200,,,,,0.07542435071769814,0.2122429517440297,1.0503754392900573,0.05042535585810656,0.1121682147284064,1.0517818528628544,0.05298972824051594,0.12265635869690752,,,,,,,,,,,,,,,,,True,False,False,,,False
three_m_n1000_map_j1e8_logistic_r200_20260805,<source-workspace>/outputs/module5_svgp/three_m_n1000_map_j1e8_logistic_r200_20260805,1000,200,2000,0.95,1.0,strong_heterogeneous,120,0.02,population_ate_bb,corrected_eq,corrected,exact_gp_posterior,svgp_onestep_logistic_pi,exact_gp_onestep_logistic_pi,,200,,,,,0.048115201182098735,0.14832617895068512,1.0274493430065648,0.027962372851380285,0.07253688570150185,1.0292954086399948,0.03284031510938391,0.07642398735568585,,,,,,,,,,,,,,,,,True,True,True,,,True
three_m_n1000_map_j1e8_logistic_r200_20260805,<source-workspace>/outputs/module5_svgp/three_m_n1000_map_j1e8_logistic_r200_20260805,1000,200,2000,0.95,1.0,strong_heterogeneous,160,0.02,population_ate_bb,corrected_eq,corrected,exact_gp_posterior,svgp_onestep_logistic_pi,exact_gp_onestep_logistic_pi,,200,,,,,0.03424585288968173,0.11147045587478514,1.0165080393481374,0.01811676664414212,0.0442392116452962,1.0167351494047414,0.021702426131506965,0.05262355067126966,,,,,,,,,,,,,,,,,True,True,True,,,True
three_m_n1000_map_j1e8_logistic_r200_20260805,<source-workspace>/outputs/module5_svgp/three_m_n1000_map_j1e8_logistic_r200_20260805,1000,200,2000,0.95,1.0,strong_heterogeneous,240,0.02,population_ate_bb,corrected_eq,corrected,exact_gp_posterior,svgp_onestep_logistic_pi,exact_gp_onestep_logistic_pi,,200,,,,,0.016253574899717318,0.05223576869784892,1.0050138299529474,0.008315854395998603,0.02518957447769439,1.005072166033398,0.015008451919576981,0.035369584693892814,,,,,,,,,,,,,,,,,True,True,True,,,True
three_m_n1000_map_j1e8_logistic_r200_20260805,<source-workspace>/outputs/module5_svgp/three_m_n1000_map_j1e8_logistic_r200_20260805,1000,200,2000,0.95,1.0,strong_heterogeneous,320,0.02,population_ate_bb,corrected_eq,corrected,exact_gp_posterior,svgp_onestep_logistic_pi,exact_gp_onestep_logistic_pi,,200,,,,,0.011127202907484583,0.030994408226250172,1.0029231045014106,0.00800022485643554,0.020290038836282418,1.0046912917945838,0.014546505201439297,0.03581296613663926,,,,,,,,,,,,,,,,,True,True,True,,,True
three_m_n1000_map_j1e8_logistic_r200_20260805,<source-workspace>/outputs/module5_svgp/three_m_n1000_map_j1e8_logistic_r200_20260805,1000,200,2000,0.95,1.0,strong_heterogeneous,400,0.02,population_ate_bb,corrected_eq,corrected,exact_gp_posterior,svgp_onestep_logistic_pi,exact_gp_onestep_logistic_pi,,200,,,,,0.008001775953979608,0.019963849041918502,1.0009197627938407,0.006709471373408899,0.017665581738312754,1.0027050685437413,0.014661512430614008,0.03610624149222887,,,,,,,,,,,,,,,,,True,True,True,,,True
three_m_n1000_map_j1e8_logistic_r200_20260805,<source-workspace>/outputs/module5_svgp/three_m_n1000_map_j1e8_logistic_r200_20260805,1000,200,2000,0.95,1.0,strong_heterogeneous,480,0.02,population_ate_bb,corrected_eq,corrected,exact_gp_posterior,svgp_onestep_logistic_pi,exact_gp_onestep_logistic_pi,,200,,,,,0.007537851296872891,0.01841592424937279,1.0008690548684924,0.007619188343826086,0.018075995715557923,1.0024818917123417,0.014990368534857117,0.03785087956760939,,,,,,,,,,,,,,,,,True,True,True,,,True
three_m_n1000_map_j1e8_logistic_r200_20260805,<source-workspace>/outputs/module5_svgp/three_m_n1000_map_j1e8_logistic_r200_20260805,1000,200,2000,0.95,1.0,strong_heterogeneous,560,0.02,population_ate_bb,corrected_eq,corrected,exact_gp_posterior,svgp_onestep_logistic_pi,exact_gp_onestep_logistic_pi,,200,,,,,0.0072660661993996355,0.017723177886612745,1.0000484517293498,0.006824978880138528,0.017057537509233115,1.0013151549763122,0.014810552362621245,0.03363921787422737,,,,,,,,,,,,,,,,,True,True,True,,,True
three_m_n1000_map_j1e8_logistic_r200_20260805,<source-workspace>/outputs/module5_svgp/three_m_n1000_map_j1e8_logistic_r200_20260805,1000,200,2000,0.95,1.0,strong_homogeneous,80,0.02,population_ate_bb,corrected_eq,corrected,exact_gp_posterior,svgp_onestep_logistic_pi,exact_gp_onestep_logistic_pi,,200,,,,,0.060526424614838474,0.18647395382711016,1.0417220401451093,0.042067985860310804,0.1043510663361274,1.041074063763307,0.04422005089279102,0.11197962098210137,,,,,,,,,,,,,,,,,True,True,True,,,True
three_m_n1000_map_j1e8_logistic_r200_20260805,<source-workspace>/outputs/module5_svgp/three_m_n1000_map_j1e8_logistic_r200_20260805,1000,200,2000,0.95,1.0,strong_homogeneous,120,0.02,population_ate_bb,corrected_eq,corrected,exact_gp_posterior,svgp_onestep_logistic_pi,exact_gp_onestep_logistic_pi,,200,,,,,0.041920806958644,0.15473861561377114,1.0217899580878842,0.022878992698038312,0.05924076279681442,1.0217073115524942,0.02686605573545293,0.06826892180745371,,,,,,,,,,,,,,,,,True,True,True,,,True
three_m_n1000_map_j1e8_logistic_r200_20260805,<source-workspace>/outputs/module5_svgp/three_m_n1000_map_j1e8_logistic_r200_20260805,1000,200,2000,0.95,1.0,strong_homogeneous,160,0.02,population_ate_bb,corrected_eq,corrected,exact_gp_posterior,svgp_onestep_logistic_pi,exact_gp_onestep_logistic_pi,,200,,,,,0.028680226368493326,0.09889906664851777,1.0128838877158246,0.01450205529266607,0.03800716705541211,1.0107886921025604,0.019243069324993818,0.04517081697815996,,,,,,,,,,,,,,,,,True,True,True,,,True
three_m_n1000_map_j1e8_logistic_r200_20260805,<source-workspace>/outputs/module5_svgp/three_m_n1000_map_j1e8_logistic_r200_20260805,1000,200,2000,0.95,1.0,strong_homogeneous,240,0.02,population_ate_bb,corrected_eq,corrected,exact_gp_posterior,svgp_onestep_logistic_pi,exact_gp_onestep_logistic_pi,,200,,,,,0.013927142039492618,0.03926281335068427,1.0042017451893046,0.007998095503744484,0.021545111706322045,1.002177944679623,0.015886835360403723,0.039172285339712294,,,,,,,,,,,,,,,,,True,True,True,,,True
three_m_n1000_map_j1e8_logistic_r200_20260805,<source-workspace>/outputs/module5_svgp/three_m_n1000_map_j1e8_logistic_r200_20260805,1000,200,2000,0.95,1.0,strong_homogeneous,320,0.02,population_ate_bb,corrected_eq,corrected,exact_gp_posterior,svgp_onestep_logistic_pi,exact_gp_onestep_logistic_pi,,200,,,,,0.00904174943275218,0.022809571340520758,1.0009824760471704,0.007865805669572321,0.018780162043361182,0.9986051304305299,0.015062945944228112,0.03987532896084933,,,,,,,,,,,,,,,,,True,True,True,,,True
three_m_n1000_map_j1e8_logistic_r200_20260805,<source-workspace>/outputs/module5_svgp/three_m_n1000_map_j1e8_logistic_r200_20260805,1000,200,2000,0.95,1.0,strong_homogeneous,400,0.02,population_ate_bb,corrected_eq,corrected,exact_gp_posterior,svgp_onestep_logistic_pi,exact_gp_onestep_logistic_pi,,200,,,,,0.007259822156765876,0.019027308071969996,1.0015836622995422,0.006927519523267559,0.016264707136291214,1.0008946272849983,0.014206423077284551,0.03581081924930568,,,,,,,,,,,,,,,,,True,True,True,,,True
three_m_n1000_map_j1e8_logistic_r200_20260805,<source-workspace>/outputs/module5_svgp/three_m_n1000_map_j1e8_logistic_r200_20260805,1000,200,2000,0.95,1.0,strong_homogeneous,480,0.02,population_ate_bb,corrected_eq,corrected,exact_gp_posterior,svgp_onestep_logistic_pi,exact_gp_onestep_logistic_pi,,200,,,,,0.007160915350695071,0.01851374736995876,1.0007434229826777,0.00679970258793035,0.017901918880994887,0.9990105761719265,0.01494722132212051,0.037178636955276984,,,,,,,,,,,,,,,,,True,True,True,,,True
three_m_n1000_map_j1e8_logistic_r200_20260805,<source-workspace>/outputs/module5_svgp/three_m_n1000_map_j1e8_logistic_r200_20260805,1000,200,2000,0.95,1.0,strong_homogeneous,560,0.02,population_ate_bb,corrected_eq,corrected,exact_gp_posterior,svgp_onestep_logistic_pi,exact_gp_onestep_logistic_pi,,200,,,,,0.00705012786076326,0.01863675505329544,1.0006731580659933,0.006764448783631015,0.018745730861704574,0.9995690409454556,0.014923731889213046,0.03541561001488243,,,,,,,,,,,,,,,,,True,True,True,,,True
three_m_n1000_map_j1e8_logistic_r200_20260805,<source-workspace>/outputs/module5_svgp/three_m_n1000_map_j1e8_logistic_r200_20260805,1000,200,2000,0.95,1.0,weak_heterogeneous,80,0.02,population_ate_bb,corrected_eq,corrected,exact_gp_posterior,svgp_onestep_logistic_pi,exact_gp_onestep_logistic_pi,,200,,,,,0.06866281088786168,0.19535814729123038,1.0487581388667921,0.04932957127874897,0.1158471889838011,1.0477395036511137,0.05009904469875192,0.12589498297291385,,,,,,,,,,,,,,,,,True,True,False,,,False
three_m_n1000_map_j1e8_logistic_r200_20260805,<source-workspace>/outputs/module5_svgp/three_m_n1000_map_j1e8_logistic_r200_20260805,1000,200,2000,0.95,1.0,weak_heterogeneous,120,0.02,population_ate_bb,corrected_eq,corrected,exact_gp_posterior,svgp_onestep_logistic_pi,exact_gp_onestep_logistic_pi,,200,,,,,0.048467151553295694,0.14932488603423505,1.0281929093066098,0.029355299695001343,0.07190176113829315,1.0262581539811289,0.030592347720316874,0.08055638316422405,,,,,,,,,,,,,,,,,True,True,True,,,True
three_m_n1000_map_j1e8_logistic_r200_20260805,<source-workspace>/outputs/module5_svgp/three_m_n1000_map_j1e8_logistic_r200_20260805,1000,200,2000,0.95,1.0,weak_heterogeneous,160,0.02,population_ate_bb,corrected_eq,corrected,exact_gp_posterior,svgp_onestep_logistic_pi,exact_gp_onestep_logistic_pi,,200,,,,,0.034156694820005384,0.10171002647424784,1.0148530441393777,0.017986436242427697,0.051023506362062314,1.0126275634108608,0.022358842528305604,0.05868080444371918,,,,,,,,,,,,,,,,,True,True,True,,,True
three_m_n1000_map_j1e8_logistic_r200_20260805,<source-workspace>/outputs/module5_svgp/three_m_n1000_map_j1e8_logistic_r200_20260805,1000,200,2000,0.95,1.0,weak_heterogeneous,240,0.02,population_ate_bb,corrected_eq,corrected,exact_gp_posterior,svgp_onestep_logistic_pi,exact_gp_onestep_logistic_pi,,200,,,,,0.017247278791871663,0.044864657917978605,1.0052069050411347,0.011626711945445263,0.03034090492432183,1.0036600675666014,0.01861223735024263,0.0434937289688896,,,,,,,,,,,,,,,,,True,True,True,,,True
three_m_n1000_map_j1e8_logistic_r200_20260805,<source-workspace>/outputs/module5_svgp/three_m_n1000_map_j1e8_logistic_r200_20260805,1000,200,2000,0.95,1.0,weak_heterogeneous,320,0.02,population_ate_bb,corrected_eq,corrected,exact_gp_posterior,svgp_onestep_logistic_pi,exact_gp_onestep_logistic_pi,,200,,,,,0.013471636325324127,0.03581145272036621,1.0023463827830355,0.011787862465380545,0.026954476101399713,1.0026472985912462,0.021486549369621796,0.04848045143881579,,,,,,,,,,,,,,,,,True,True,True,,,True
three_m_n1000_map_j1e8_logistic_r200_20260805,<source-workspace>/outputs/module5_svgp/three_m_n1000_map_j1e8_logistic_r200_20260805,1000,200,2000,0.95,1.0,weak_heterogeneous,400,0.02,population_ate_bb,corrected_eq,corrected,exact_gp_posterior,svgp_onestep_logistic_pi,exact_gp_onestep_logistic_pi,,200,,,,,0.011325180917377544,0.02857388116711954,0.999995947140019,0.01093144490125122,0.027618280309836866,0.9989704999473747,0.018586381474532964,0.04428340331868253,,,,,,,,,,,,,,,,,True,True,True,,,True
three_m_n1000_map_j1e8_logistic_r200_20260805,<source-workspace>/outputs/module5_svgp/three_m_n1000_map_j1e8_logistic_r200_20260805,1000,200,2000,0.95,1.0,weak_heterogeneous,480,0.02,population_ate_bb,corrected_eq,corrected,exact_gp_posterior,svgp_onestep_logistic_pi,exact_gp_onestep_logistic_pi,,200,,,,,0.011174936085454154,0.03130791616242274,0.9998057435506724,0.01101723321178136,0.027675589614688897,0.9991043533229446,0.018177153559648798,0.048333725616758604,,,,,,,,,,,,,,,,,True,True,True,,,True
three_m_n1000_map_j1e8_logistic_r200_20260805,<source-workspace>/outputs/module5_svgp/three_m_n1000_map_j1e8_logistic_r200_20260805,1000,200,2000,0.95,1.0,weak_heterogeneous,560,0.02,population_ate_bb,corrected_eq,corrected,exact_gp_posterior,svgp_onestep_logistic_pi,exact_gp_onestep_logistic_pi,,200,,,,,0.011409046674161472,0.028140811549647312,0.999762029142006,0.008926865937042795,0.023631799866978935,0.9980404162099749,0.018361205083184444,0.04325965455324465,,,,,,,,,,,,,,,,,True,True,True,,,True
three_m_n1000_map_j1e8_logistic_r200_20260805,<source-workspace>/outputs/module5_svgp/three_m_n1000_map_j1e8_logistic_r200_20260805,1000,200,2000,0.95,1.0,weak_homogeneous,80,0.02,population_ate_bb,corrected_eq,corrected,exact_gp_posterior,svgp_onestep_logistic_pi,exact_gp_onestep_logistic_pi,,200,,,,,0.06842215398878401,0.19862708361257048,1.0421950536849058,0.042989430020054675,0.10707167175411487,1.041930697182849,0.04638913592597012,0.1149790015238548,,,,,,,,,,,,,,,,,True,True,True,,,True
three_m_n1000_map_j1e8_logistic_r200_20260805,<source-workspace>/outputs/module5_svgp/three_m_n1000_map_j1e8_logistic_r200_20260805,1000,200,2000,0.95,1.0,weak_homogeneous,120,0.02,population_ate_bb,corrected_eq,corrected,exact_gp_posterior,svgp_onestep_logistic_pi,exact_gp_onestep_logistic_pi,,200,,,,,0.04409453894351381,0.13864343853143243,1.0241413304835028,0.026186129980171478,0.07011095944079458,1.0247733925079712,0.031598640891967456,0.07426223217266781,,,,,,,,,,,,,,,,,True,True,True,,,True
three_m_n1000_map_j1e8_logistic_r200_20260805,<source-workspace>/outputs/module5_svgp/three_m_n1000_map_j1e8_logistic_r200_20260805,1000,200,2000,0.95,1.0,weak_homogeneous,160,0.02,population_ate_bb,corrected_eq,corrected,exact_gp_posterior,svgp_onestep_logistic_pi,exact_gp_onestep_logistic_pi,,200,,,,,0.033154304669556024,0.09647262189871848,1.0140910177692581,0.017993839631290733,0.0453236487201716,1.016343996506528,0.024980555421149873,0.06077837033812738,,,,,,,,,,,,,,,,,True,True,True,,,True
three_m_n1000_map_j1e8_logistic_r200_20260805,<source-workspace>/outputs/module5_svgp/three_m_n1000_map_j1e8_logistic_r200_20260805,1000,200,2000,0.95,1.0,weak_homogeneous,240,0.02,population_ate_bb,corrected_eq,corrected,exact_gp_posterior,svgp_onestep_logistic_pi,exact_gp_onestep_logistic_pi,,200,,,,,0.016061694636731735,0.041246522486470295,1.0039396332898776,0.010671662670517118,0.029824222649696062,1.004834159024319,0.018707795927453027,0.04755790032942112,,,,,,,,,,,,,,,,,True,True,True,,,True
three_m_n1000_map_j1e8_logistic_r200_20260805,<source-workspace>/outputs/module5_svgp/three_m_n1000_map_j1e8_logistic_r200_20260805,1000,200,2000,0.95,1.0,weak_homogeneous,320,0.02,population_ate_bb,corrected_eq,corrected,exact_gp_posterior,svgp_onestep_logistic_pi,exact_gp_onestep_logistic_pi,,200,,,,,0.011628167953880107,0.030203445521654982,1.0017834941801265,0.010220387722767836,0.02392540930179496,1.003739541922544,0.017965767964557237,0.04531471278403196,,,,,,,,,,,,,,,,,True,True,True,,,True
three_m_n1000_map_j1e8_logistic_r200_20260805,<source-workspace>/outputs/module5_svgp/three_m_n1000_map_j1e8_logistic_r200_20260805,1000,200,2000,0.95,1.0,weak_homogeneous,400,0.02,population_ate_bb,corrected_eq,corrected,exact_gp_posterior,svgp_onestep_logistic_pi,exact_gp_onestep_logistic_pi,,200,,,,,0.01001618505979532,0.024041565014753033,1.0007742357219467,0.009698473645059203,0.02545879508691284,1.0025368721505523,0.0177736764367969,0.04570024512484171,,,,,,,,,,,,,,,,,True,True,True,,,True
three_m_n1000_map_j1e8_logistic_r200_20260805,<source-workspace>/outputs/module5_svgp/three_m_n1000_map_j1e8_logistic_r200_20260805,1000,200,2000,0.95,1.0,weak_homogeneous,480,0.02,population_ate_bb,corrected_eq,corrected,exact_gp_posterior,svgp_onestep_logistic_pi,exact_gp_onestep_logistic_pi,,200,,,,,0.009856318388217713,0.023996674195699993,1.0009780807830133,0.009635789675038798,0.023786417816994632,1.002316713096626,0.01758310696615778,0.045299795174773144,,,,,,,,,,,,,,,,,True,True,True,,,True
three_m_n1000_map_j1e8_logistic_r200_20260805,<source-workspace>/outputs/module5_svgp/three_m_n1000_map_j1e8_logistic_r200_20260805,1000,200,2000,0.95,1.0,weak_homogeneous,560,0.02,population_ate_bb,corrected_eq,corrected,exact_gp_posterior,svgp_onestep_logistic_pi,exact_gp_onestep_logistic_pi,,200,,,,,0.010092314604036826,0.02556104204067555,0.9993771267395226,0.010454164989242249,0.027993526564457454,1.000316477616118,0.016953280323375276,0.04392214475335123,,,,,,,,,,,,,,,,,True,True,True,,,True
three_m_n1000_map_j1e8_logistic_r200_20260805,<source-workspace>/outputs/module5_svgp/three_m_n1000_map_j1e8_logistic_r200_20260805,1000,200,2000,0.95,1.0,strong_heterogeneous,80,0.02,population_ate_bb,raw_cal,raw,true_ate_repeated_sampling,svgp,true_value,,200,,,,,,,,,,,,,-0.03087871433496597,0.03087871433496597,0.4249631966599923,0.05834962067741805,0.07153936418142508,0.96,0.010000000000000009,0.9230670617058012,0.9795946128493436,0.28435017487707326,0.0726620906884594,0.06469398882005517,0.8903403164854191,0.10965968351458089,,,,True,,True,False,False
three_m_n1000_map_j1e8_logistic_r200_20260805,<source-workspace>/outputs/module5_svgp/three_m_n1000_map_j1e8_logistic_r200_20260805,1000,200,2000,0.95,1.0,strong_heterogeneous,120,0.02,population_ate_bb,raw_cal,raw,true_ate_repeated_sampling,svgp,true_value,,200,,,,,,,,,,,,,-0.03177943103718575,0.03177943103718575,0.45795483675060156,0.05879277850239618,0.07178247778516879,0.95,0.0,0.9104209437021562,0.9726176509713551,0.27103443932463533,0.06939424695822695,0.06452604070899552,0.9298471204369156,0.07015287956308436,,,,True,,True,False,False
three_m_n1000_map_j1e8_logistic_r200_20260805,<source-workspace>/outputs/module5_svgp/three_m_n1000_map_j1e8_logistic_r200_20260805,1000,200,2000,0.95,1.0,strong_heterogeneous,160,0.02,population_ate_bb,raw_cal,raw,true_ate_repeated_sampling,svgp,true_value,,200,,,,,,,,,,,,,-0.032012409044584904,0.032012409044584904,0.4658998958201461,0.05876521765115461,0.07174940100308091,0.95,0.0,0.9104209437021562,0.9726176509713551,0.2686572585596691,0.06871091694114229,0.0643731444009336,0.936869238058278,0.06313076194172196,,,,True,,True,False,False
three_m_n1000_map_j1e8_logistic_r200_20260805,<source-workspace>/outputs/module5_svgp/three_m_n1000_map_j1e8_logistic_r200_20260805,1000,200,2000,0.95,1.0,strong_heterogeneous,240,0.02,population_ate_bb,raw_cal,raw,true_ate_repeated_sampling,svgp,true_value,,200,,,,,,,,,,,,,-0.031930465007964905,0.031930465007964905,0.4668678517385077,0.05850892384775351,0.07142044595312359,0.95,0.0,0.9104209437021562,0.9726176509713551,0.26764729406651033,0.06839294007729008,0.06404556719951632,0.9364353561513682,0.06356464384863181,,,,True,,True,False,False
three_m_n1000_map_j1e8_logistic_r200_20260805,<source-workspace>/outputs/module5_svgp/three_m_n1000_map_j1e8_logistic_r200_20260805,1000,200,2000,0.95,1.0,strong_heterogeneous,320,0.02,population_ate_bb,raw_cal,raw,true_ate_repeated_sampling,svgp,true_value,,200,,,,,,,,,,,,,-0.03171732345301394,0.03171732345301394,0.46425238365245824,0.058508630598320295,0.07130501852384387,0.95,0.0,0.9104209437021562,0.9726176509713551,0.26736108825107907,0.06831913969613065,0.06402274297272349,0.9371128392055778,0.06288716079442225,,,,True,,True,False,False
three_m_n1000_map_j1e8_logistic_r200_20260805,<source-workspace>/outputs/module5_svgp/three_m_n1000_map_j1e8_logistic_r200_20260805,1000,200,2000,0.95,1.0,strong_heterogeneous,400,0.02,population_ate_bb,raw_cal,raw,true_ate_repeated_sampling,svgp,true_value,,200,,,,,,,,,,,,,-0.03159066009832468,0.03159066009832468,0.4620374554182956,0.058414468844386426,0.07113840222485035,0.95,0.0,0.9104209437021562,0.9726176509713551,0.2672576989900389,0.0683725090419883,0.0638992805588329,0.9345756277510843,0.06542437224891573,,,,True,,True,False,False
three_m_n1000_map_j1e8_logistic_r200_20260805,<source-workspace>/outputs/module5_svgp/three_m_n1000_map_j1e8_logistic_r200_20260805,1000,200,2000,0.95,1.0,strong_heterogeneous,480,0.02,population_ate_bb,raw_cal,raw,true_ate_repeated_sampling,svgp,true_value,,200,,,,,,,,,,,,,-0.03174108341812834,0.03174108341812834,0.46409581500088387,0.05847690899733772,0.07124501405509126,0.945,0.0050000000000000044,0.9042120755340645,0.9690149791986299,0.267621750993284,0.06839338428007133,0.06394372251754364,0.934940172805219,0.06505982719478098,,,,True,,True,False,False
three_m_n1000_map_j1e8_logistic_r200_20260805,<source-workspace>/outputs/module5_svgp/three_m_n1000_map_j1e8_logistic_r200_20260805,1000,200,2000,0.95,1.0,strong_heterogeneous,560,0.02,population_ate_bb,raw_cal,raw,true_ate_repeated_sampling,svgp,true_value,,200,,,,,,,,,,,,,-0.0318329216127891,0.0318329216127891,0.4656318654872742,0.05854895917151492,0.07127821273890787,0.945,0.0050000000000000044,0.9042120755340645,0.9690149791986299,0.26748348339585126,0.06836499812889008,0.06393502286376401,0.9352011206557173,0.06479887934428274,,,,True,,True,False,False
three_m_n1000_map_j1e8_logistic_r200_20260805,<source-workspace>/outputs/module5_svgp/three_m_n1000_map_j1e8_logistic_r200_20260805,1000,200,2000,0.95,1.0,strong_homogeneous,80,0.02,population_ate_bb,raw_cal,raw,true_ate_repeated_sampling,svgp,true_value,,200,,,,,,,,,,,,,-0.030359737752404616,0.030359737752404616,0.43256975274341736,0.06202943958192158,0.07647429970557632,0.945,0.0050000000000000044,0.9042120755340645,0.9690149791986299,0.2744067710310554,0.07018460620480038,0.07036591253796168,1.0025832777722261,0.0025832777722261113,,,,True,,True,False,False
three_m_n1000_map_j1e8_logistic_r200_20260805,<source-workspace>/outputs/module5_svgp/three_m_n1000_map_j1e8_logistic_r200_20260805,1000,200,2000,0.95,1.0,strong_homogeneous,120,0.02,population_ate_bb,raw_cal,raw,true_ate_repeated_sampling,svgp,true_value,,200,,,,,,,,,,,,,-0.03032722071650029,0.03032722071650029,0.4467997378544374,0.062202628460855926,0.07665231898817586,0.94,0.010000000000000009,0.8980673646931491,0.9653481500987285,0.26496994572479915,0.06787654098038119,0.07057436784599702,1.0397460864482708,0.03974608644827082,,,,True,,True,False,False
three_m_n1000_map_j1e8_logistic_r200_20260805,<source-workspace>/outputs/module5_svgp/three_m_n1000_map_j1e8_logistic_r200_20260805,1000,200,2000,0.95,1.0,strong_homogeneous,160,0.02,population_ate_bb,raw_cal,raw,true_ate_repeated_sampling,svgp,true_value,,200,,,,,,,,,,,,,-0.030226169830430662,0.030226169830430662,0.4474178233730143,0.062015543500349525,0.0764680160155388,0.935,0.014999999999999902,0.8919799625008207,0.9616240123502404,0.26413653682656146,0.06755691939708662,0.07041682167357277,1.042333225108685,0.04233322510868498,,,,True,,True,False,False
three_m_n1000_map_j1e8_logistic_r200_20260805,<source-workspace>/outputs/module5_svgp/three_m_n1000_map_j1e8_logistic_r200_20260805,1000,200,2000,0.95,1.0,strong_homogeneous,240,0.02,population_ate_bb,raw_cal,raw,true_ate_repeated_sampling,svgp,true_value,,200,,,,,,,,,,,,,-0.030206224309285254,0.030206224309285254,0.44834367010961307,0.06197291524818553,0.07626089777797519,0.935,0.014999999999999902,0.8919799625008207,0.9616240123502404,0.2634973850323319,0.06737292466268187,0.07019934675124459,1.041951898373328,0.04195189837332802,,,,True,,True,False,False
three_m_n1000_map_j1e8_logistic_r200_20260805,<source-workspace>/outputs/module5_svgp/three_m_n1000_map_j1e8_logistic_r200_20260805,1000,200,2000,0.95,1.0,strong_homogeneous,320,0.02,population_ate_bb,raw_cal,raw,true_ate_repeated_sampling,svgp,true_value,,200,,,,,,,,,,,,,-0.03017087239621958,0.03017087239621958,0.44853854790465314,0.06194763160443207,0.07625073848591046,0.935,0.014999999999999902,0.8919799625008207,0.9616240123502404,0.2625659772334293,0.06726483718548326,0.07020353452495658,1.043688462834896,0.043688462834895914,,,,True,,True,False,False
three_m_n1000_map_j1e8_logistic_r200_20260805,<source-workspace>/outputs/module5_svgp/three_m_n1000_map_j1e8_logistic_r200_20260805,1000,200,2000,0.95,1.0,strong_homogeneous,400,0.02,population_ate_bb,raw_cal,raw,true_ate_repeated_sampling,svgp,true_value,,200,,,,,,,,,,,,,-0.030450248237283074,0.030450248237283074,0.4524618623783344,0.06201995739946559,0.0764392346550607,0.94,0.010000000000000009,0.8980673646931491,0.9653481500987285,0.2633133164269282,0.06729903837026939,0.07028827201499252,1.044417182133819,0.044417182133819066,,,,True,,True,False,False
three_m_n1000_map_j1e8_logistic_r200_20260805,<source-workspace>/outputs/module5_svgp/three_m_n1000_map_j1e8_logistic_r200_20260805,1000,200,2000,0.95,1.0,strong_homogeneous,480,0.02,population_ate_bb,raw_cal,raw,true_ate_repeated_sampling,svgp,true_value,,200,,,,,,,,,,,,,-0.030160679940828113,0.030160679940828113,0.4481613811860731,0.06176874282597344,0.07612291935872685,0.935,0.014999999999999902,0.8919799625008207,0.9616240123502404,0.26284784930864197,0.06729870356300431,0.07006839614185316,1.0411552144723841,0.04115521447238413,,,,True,,True,False,False
three_m_n1000_map_j1e8_logistic_r200_20260805,<source-workspace>/outputs/module5_svgp/three_m_n1000_map_j1e8_logistic_r200_20260805,1000,200,2000,0.95,1.0,strong_homogeneous,560,0.02,population_ate_bb,raw_cal,raw,true_ate_repeated_sampling,svgp,true_value,,200,,,,,,,,,,,,,-0.0301739907715384,0.0301739907715384,0.4476019561038859,0.06184738240855941,0.07619473015546606,0.94,0.010000000000000009,0.8980673646931491,0.9653481500987285,0.2638443502050922,0.06741255340835728,0.07014104372231517,1.0404745136626086,0.04047451366260857,,,,True,,True,False,False
three_m_n1000_map_j1e8_logistic_r200_20260805,<source-workspace>/outputs/module5_svgp/three_m_n1000_map_j1e8_logistic_r200_20260805,1000,200,2000,0.95,1.0,weak_heterogeneous,80,0.02,population_ate_bb,raw_cal,raw,true_ate_repeated_sampling,svgp,true_value,,200,,,,,,,,,,,,,-0.029569542633051452,0.029569542633051452,0.3523464572405206,0.0635094249211967,0.08211227525078822,0.945,0.0050000000000000044,0.9042120755340645,0.9690149791986299,0.32805872388119356,0.08392178217040092,0.07679554462142914,0.9150847686420417,0.08491523135795831,,,,True,,True,False,False
three_m_n1000_map_j1e8_logistic_r200_20260805,<source-workspace>/outputs/module5_svgp/three_m_n1000_map_j1e8_logistic_r200_20260805,1000,200,2000,0.95,1.0,weak_heterogeneous,120,0.02,population_ate_bb,raw_cal,raw,true_ate_repeated_sampling,svgp,true_value,,200,,,,,,,,,,,,,-0.031776315545995255,0.031776315545995255,0.3916010415122861,0.06482855623035558,0.08320624815338976,0.945,0.0050000000000000044,0.9042120755340645,0.9690149791986299,0.31694598511877703,0.08114461448642063,0.07709255353885072,0.9500637106576184,0.04993628934238159,,,,True,,True,False,False
three_m_n1000_map_j1e8_logistic_r200_20260805,<source-workspace>/outputs/module5_svgp/three_m_n1000_map_j1e8_logistic_r200_20260805,1000,200,2000,0.95,1.0,weak_heterogeneous,160,0.02,population_ate_bb,raw_cal,raw,true_ate_repeated_sampling,svgp,true_value,,200,,,,,,,,,,,,,-0.03258301055436335,0.03258301055436335,0.40399926319470814,0.06507322742677958,0.08359071353594544,0.935,0.014999999999999902,0.8919799625008207,0.9616240123502404,0.31518772954853497,0.08065116331328533,0.07717209647947873,0.9568627817519216,0.04313721824807837,,,,True,,True,False,False
three_m_n1000_map_j1e8_logistic_r200_20260805,<source-workspace>/outputs/module5_svgp/three_m_n1000_map_j1e8_logistic_r200_20260805,1000,200,2000,0.95,1.0,weak_heterogeneous,240,0.02,population_ate_bb,raw_cal,raw,true_ate_repeated_sampling,svgp,true_value,,200,,,,,,,,,,,,,-0.03289938633275954,0.03289938633275954,0.40858428903541355,0.06514574148999293,0.08331245720814127,0.93,0.019999999999999907,0.8859442178331628,0.9578482170770813,0.315411689451881,0.08052043902722854,0.07673353950791867,0.9529697109819619,0.047030289018038074,,,,True,,True,False,False
three_m_n1000_map_j1e8_logistic_r200_20260805,<source-workspace>/outputs/module5_svgp/three_m_n1000_map_j1e8_logistic_r200_20260805,1000,200,2000,0.95,1.0,weak_heterogeneous,320,0.02,population_ate_bb,raw_cal,raw,true_ate_repeated_sampling,svgp,true_value,,200,,,,,,,,,,,,,-0.03286719414265929,0.03286719414265929,0.4086350096012904,0.06503234948563515,0.0832046866343999,0.925,0.02499999999999991,0.8799554020266798,0.9540254929427476,0.31429167505247674,0.0804316648608453,0.07662981187145607,0.9527318874231087,0.04726811257689134,,,,True,,True,False,False
three_m_n1000_map_j1e8_logistic_r200_20260805,<source-workspace>/outputs/module5_svgp/three_m_n1000_map_j1e8_logistic_r200_20260805,1000,200,2000,0.95,1.0,weak_heterogeneous,400,0.02,population_ate_bb,raw_cal,raw,true_ate_repeated_sampling,svgp,true_value,,200,,,,,,,,,,,,,-0.03278414249062494,0.03278414249062494,0.4074244361846212,0.06483571901621836,0.08291363892181586,0.925,0.02499999999999991,0.8799554020266798,0.9540254929427476,0.31423100713298785,0.08046680458746235,0.07634799672177947,0.9488135773900902,0.0511864226099098,,,,True,,True,False,False
three_m_n1000_map_j1e8_logistic_r200_20260805,<source-workspace>/outputs/module5_svgp/three_m_n1000_map_j1e8_logistic_r200_20260805,1000,200,2000,0.95,1.0,weak_heterogeneous,480,0.02,population_ate_bb,raw_cal,raw,true_ate_repeated_sampling,svgp,true_value,,200,,,,,,,,,,,,,-0.03272461146173663,0.03272461146173663,0.40699346630120486,0.06495305774590164,0.08315645304880738,0.925,0.02499999999999991,0.8799554020266798,0.9540254929427476,0.31489677446876874,0.08040574154455352,0.07663852035594546,0.9531473609192372,0.04685263908076276,,,,True,,True,False,False
three_m_n1000_map_j1e8_logistic_r200_20260805,<source-workspace>/outputs/module5_svgp/three_m_n1000_map_j1e8_logistic_r200_20260805,1000,200,2000,0.95,1.0,weak_heterogeneous,560,0.02,population_ate_bb,raw_cal,raw,true_ate_repeated_sampling,svgp,true_value,,200,,,,,,,,,,,,,-0.032955299686456954,0.032955299686456954,0.4095710032920592,0.06502477670084972,0.08319269399343798,0.935,0.014999999999999902,0.8919799625008207,0.9616240123502404,0.31516351950578086,0.08046297081963345,0.07657867866837764,0.9517257179086406,0.04827428209135942,,,,True,,True,False,False
three_m_n1000_map_j1e8_logistic_r200_20260805,<source-workspace>/outputs/module5_svgp/three_m_n1000_map_j1e8_logistic_r200_20260805,1000,200,2000,0.95,1.0,weak_homogeneous,80,0.02,population_ate_bb,raw_cal,raw,true_ate_repeated_sampling,svgp,true_value,,200,,,,,,,,,,,,,-0.03303414115115056,0.03303414115115056,0.4042689366347848,0.06951958270770082,0.08888336065196105,0.92,0.029999999999999916,0.8740095102048769,0.9501598448237337,0.3194211552180713,0.08171328083263912,0.08272371719236932,1.0123656319931604,0.01236563199316043,,,,True,,True,False,False
three_m_n1000_map_j1e8_logistic_r200_20260805,<source-workspace>/outputs/module5_svgp/three_m_n1000_map_j1e8_logistic_r200_20260805,1000,200,2000,0.95,1.0,weak_homogeneous,120,0.02,population_ate_bb,raw_cal,raw,true_ate_repeated_sampling,svgp,true_value,,200,,,,,,,,,,,,,-0.03652753571459145,0.03652753571459145,0.4588106322623825,0.07130125438015783,0.09072590795449362,0.905,0.04499999999999993,0.8563973488560237,0.9383373863501365,0.3118100917241779,0.07961353365870182,0.08325615560435531,1.0457538031318794,0.04575380313187938,,,,True,,False,False,False
three_m_n1000_map_j1e8_logistic_r200_20260805,<source-workspace>/outputs/module5_svgp/three_m_n1000_map_j1e8_logistic_r200_20260805,1000,200,2000,0.95,1.0,weak_homogeneous,160,0.02,population_ate_bb,raw_cal,raw,true_ate_repeated_sampling,svgp,true_value,,200,,,,,,,,,,,,,-0.037344298591366745,0.037344298591366745,0.47017708955336424,0.0715220036435594,0.09088611173806016,0.91,0.039999999999999925,0.8622332538615105,0.9423130212854665,0.31103960529260855,0.07942602781186393,0.08306737998559001,1.0458458300640607,0.04584583006406073,,,,True,,False,False,False
three_m_n1000_map_j1e8_logistic_r200_20260805,<source-workspace>/outputs/module5_svgp/three_m_n1000_map_j1e8_logistic_r200_20260805,1000,200,2000,0.95,1.0,weak_homogeneous,240,0.02,population_ate_bb,raw_cal,raw,true_ate_repeated_sampling,svgp,true_value,,200,,,,,,,,,,,,,-0.03724855033001915,0.03724855033001915,0.46981010494204195,0.07147619771890133,0.0909141774340449,0.91,0.039999999999999925,0.8622332538615105,0.9423130212854665,0.3102287482576408,0.0792842681291717,0.08314141949110593,1.0486496432766468,0.04864964327664678,,,,True,,False,False,False
three_m_n1000_map_j1e8_logistic_r200_20260805,<source-workspace>/outputs/module5_svgp/three_m_n1000_map_j1e8_logistic_r200_20260805,1000,200,2000,0.95,1.0,weak_homogeneous,320,0.02,population_ate_bb,raw_cal,raw,true_ate_repeated_sampling,svgp,true_value,,200,,,,,,,,,,,,,-0.03738943956044311,0.03738943956044311,0.47203000202466555,0.07130201211915467,0.09088335247591567,0.915,0.03499999999999992,0.8681031145576462,0.9462547005301477,0.30987734628312597,0.07920987945696163,0.083043934407196,1.0484037468118808,0.048403746811880755,,,,True,,False,False,False
three_m_n1000_map_j1e8_logistic_r200_20260805,<source-workspace>/outputs/module5_svgp/three_m_n1000_map_j1e8_logistic_r200_20260805,1000,200,2000,0.95,1.0,weak_homogeneous,400,0.02,population_ate_bb,raw_cal,raw,true_ate_repeated_sampling,svgp,true_value,,200,,,,,,,,,,,,,-0.037072068730057535,0.037072068730057535,0.4665863496275814,0.07140441542171351,0.09092026367255364,0.915,0.03499999999999992,0.8681031145576462,0.9462547005301477,0.3110059194396502,0.07945382191238046,0.0832273393569855,1.0474932149741818,0.0474932149741818,,,,True,,False,False,False
three_m_n1000_map_j1e8_logistic_r200_20260805,<source-workspace>/outputs/module5_svgp/three_m_n1000_map_j1e8_logistic_r200_20260805,1000,200,2000,0.95,1.0,weak_homogeneous,480,0.02,population_ate_bb,raw_cal,raw,true_ate_repeated_sampling,svgp,true_value,,200,,,,,,,,,,,,,-0.0372178756125649,0.0372178756125649,0.46913997098910654,0.07160203704191288,0.09109482696007572,0.91,0.039999999999999925,0.8622332538615105,0.9423130212854665,0.31059257297204346,0.07933213521349922,0.08335368267721045,1.0506925403291922,0.05069254032919224,,,,True,,False,False,False
three_m_n1000_map_j1e8_logistic_r200_20260805,<source-workspace>/outputs/module5_svgp/three_m_n1000_map_j1e8_logistic_r200_20260805,1000,200,2000,0.95,1.0,weak_homogeneous,560,0.02,population_ate_bb,raw_cal,raw,true_ate_repeated_sampling,svgp,true_value,,200,,,,,,,,,,,,,-0.03733536368569556,0.03733536368569556,0.4710202956257286,0.0713948673654052,0.09096876010143935,0.91,0.039999999999999925,0.8622332538615105,0.9423130212854665,0.30976830097248587,0.07926487251700537,0.08316228569284521,1.0491694877198434,0.04916948771984342,,,,True,,False,False,False
three_m_n1000_map_j1e8_logistic_r200_20260805,<source-workspace>/outputs/module5_svgp/three_m_n1000_map_j1e8_logistic_r200_20260805,1000,200,2000,0.95,1.0,strong_heterogeneous,80,0.02,population_ate_bb,corrected_cal,corrected,true_ate_repeated_sampling,svgp_onestep_logistic_pi,true_value,,200,,,,,,,,,,,,,-0.0022875442854367028,0.0022875442854367028,0.03107734800515941,0.05353547063273819,0.0659573584494249,0.965,0.015000000000000013,0.9295285391333187,0.9829446753626429,0.2881498616971265,0.07360809181841799,0.06608309277357363,0.8977694047088248,0.10223059529117517,,,,True,,True,True,True
three_m_n1000_map_j1e8_logistic_r200_20260805,<source-workspace>/outputs/module5_svgp/three_m_n1000_map_j1e8_logistic_r200_20260805,1000,200,2000,0.95,1.0,strong_heterogeneous,120,0.02,population_ate_bb,corrected_cal,corrected,true_ate_repeated_sampling,svgp_onestep_logistic_pi,true_value,,200,,,,,,,,,,,,,-0.003297309751719837,0.003297309751719837,0.0457966449929167,0.05338817889237919,0.06571010441818025,0.965,0.015000000000000013,0.9295285391333187,0.9829446753626429,0.28199524793444625,0.07199893687037177,0.0657920094967276,0.9137914024366882,0.08620859756331178,,,,True,,True,True,True
three_m_n1000_map_j1e8_logistic_r200_20260805,<source-workspace>/outputs/module5_svgp/three_m_n1000_map_j1e8_logistic_r200_20260805,1000,200,2000,0.95,1.0,strong_heterogeneous,160,0.02,population_ate_bb,corrected_cal,corrected,true_ate_repeated_sampling,svgp_onestep_logistic_pi,true_value,,200,,,,,,,,,,,,,-0.0037191120376627936,0.0037191120376627936,0.05221146324339691,0.05311700051131032,0.06525518508836152,0.965,0.015000000000000013,0.9295285391333187,0.9829446753626429,0.2785601586593483,0.07123171439048191,0.06531260266519921,0.9169034217984002,0.08309657820159977,,,,True,,True,True,True
three_m_n1000_map_j1e8_logistic_r200_20260805,<source-workspace>/outputs/module5_svgp/three_m_n1000_map_j1e8_logistic_r200_20260805,1000,200,2000,0.95,1.0,strong_heterogeneous,240,0.02,population_ate_bb,corrected_cal,corrected,true_ate_repeated_sampling,svgp_onestep_logistic_pi,true_value,,200,,,,,,,,,,,,,-0.0039883849440887,0.0039883849440887,0.05663363602112868,0.053162176188645154,0.06520155837902951,0.965,0.015000000000000013,0.9295285391333187,0.9829446753626429,0.2753501822848483,0.07042431361109724,0.065242770450619,0.9264239451577453,0.07357605484225471,,,,True,,True,True,True
three_m_n1000_map_j1e8_logistic_r200_20260805,<source-workspace>/outputs/module5_svgp/three_m_n1000_map_j1e8_logistic_r200_20260805,1000,200,2000,0.95,1.0,strong_heterogeneous,320,0.02,population_ate_bb,corrected_cal,corrected,true_ate_repeated_sampling,svgp_onestep_logistic_pi,true_value,,200,,,,,,,,,,,,,-0.00394729294742003,0.00394729294742003,0.05616789412434398,0.053079050284196266,0.06504430024005499,0.965,0.015000000000000013,0.9295285391333187,0.9829446753626429,0.27524768709823655,0.07027667689804336,0.06508733886485335,0.9261584602140672,0.07384153978593277,,,,True,,True,True,True
three_m_n1000_map_j1e8_logistic_r200_20260805,<source-workspace>/outputs/module5_svgp/three_m_n1000_map_j1e8_logistic_r200_20260805,1000,200,2000,0.95,1.0,strong_heterogeneous,400,0.02,population_ate_bb,corrected_cal,corrected,true_ate_repeated_sampling,svgp_onestep_logistic_pi,true_value,,200,,,,,,,,,,,,,-0.003945607409797671,0.003945607409797671,0.056258448463204144,0.05308147640674122,0.06501848493145904,0.965,0.015000000000000013,0.9295285391333187,0.9829446753626429,0.2746784634560463,0.0701335980208963,0.06506151372193172,0.9276796793249742,0.0723203206750258,,,,True,,True,True,True
three_m_n1000_map_j1e8_logistic_r200_20260805,<source-workspace>/outputs/module5_svgp/three_m_n1000_map_j1e8_logistic_r200_20260805,1000,200,2000,0.95,1.0,strong_heterogeneous,480,0.02,population_ate_bb,corrected_cal,corrected,true_ate_repeated_sampling,svgp_onestep_logistic_pi,true_value,,200,,,,,,,,,,,,,-0.004069997216009162,0.004069997216009162,0.05803756686533113,0.05317550854069867,0.06506435634307352,0.965,0.015000000000000013,0.9295285391333187,0.9829446753626429,0.27462161334588236,0.0701269442506623,0.06509988914609874,0.9283149271898287,0.07168507281017134,,,,True,,True,True,True
three_m_n1000_map_j1e8_logistic_r200_20260805,<source-workspace>/outputs/module5_svgp/three_m_n1000_map_j1e8_logistic_r200_20260805,1000,200,2000,0.95,1.0,strong_heterogeneous,560,0.02,population_ate_bb,corrected_cal,corrected,true_ate_repeated_sampling,svgp_onestep_logistic_pi,true_value,,200,,,,,,,,,,,,,-0.004147305400818746,0.004147305400818746,0.05918323896951646,0.05311065108795945,0.06499144133942562,0.965,0.015000000000000013,0.9295285391333187,0.9829446753626429,0.274325522469212,0.07007567468476844,0.0650217381917445,0.9278788750053597,0.0721211249946403,,,,True,,True,True,True
three_m_n1000_map_j1e8_logistic_r200_20260805,<source-workspace>/outputs/module5_svgp/three_m_n1000_map_j1e8_logistic_r200_20260805,1000,200,2000,0.95,1.0,strong_homogeneous,80,0.02,population_ate_bb,corrected_cal,corrected,true_ate_repeated_sampling,svgp_onestep_logistic_pi,true_value,,200,,,,,,,,,,,,,-0.0020469428560170324,0.0020469428560170324,0.028404905807303656,0.05444663871299998,0.06922892890957631,0.955,0.0050000000000000044,0.9167024063390322,0.9761477282752958,0.2820191335574158,0.072063004535319,0.06937230866099377,0.9626618971596378,0.03733810284036221,,,,True,,True,True,True
three_m_n1000_map_j1e8_logistic_r200_20260805,<source-workspace>/outputs/module5_svgp/three_m_n1000_map_j1e8_logistic_r200_20260805,1000,200,2000,0.95,1.0,strong_homogeneous,120,0.02,population_ate_bb,corrected_cal,corrected,true_ate_repeated_sampling,svgp_onestep_logistic_pi,true_value,,200,,,,,,,,,,,,,-0.002251763284228867,0.002251763284228867,0.03185822663514246,0.05444691594269482,0.06947769382842615,0.945,0.0050000000000000044,0.9042120755340645,0.9690149791986299,0.27677363099929325,0.07068074786513608,0.0696154512814069,0.9849280516136893,0.015071948386310652,,,,True,,True,True,True
three_m_n1000_map_j1e8_logistic_r200_20260805,<source-workspace>/outputs/module5_svgp/three_m_n1000_map_j1e8_logistic_r200_20260805,1000,200,2000,0.95,1.0,strong_homogeneous,160,0.02,population_ate_bb,corrected_cal,corrected,true_ate_repeated_sampling,svgp_onestep_logistic_pi,true_value,,200,,,,,,,,,,,,,-0.0022899029395409836,0.0022899029395409836,0.032684247807515374,0.05408339553005076,0.06916625764009704,0.945,0.0050000000000000044,0.9042120755340645,0.9690149791986299,0.2738071637111022,0.07006136267925511,0.06930181272302542,0.9891587898495929,0.010841210150407066,,,,True,,True,True,True
three_m_n1000_map_j1e8_logistic_r200_20260805,<source-workspace>/outputs/module5_svgp/three_m_n1000_map_j1e8_logistic_r200_20260805,1000,200,2000,0.95,1.0,strong_homogeneous,240,0.02,population_ate_bb,corrected_cal,corrected,true_ate_repeated_sampling,svgp_onestep_logistic_pi,true_value,,200,,,,,,,,,,,,,-0.0024565974067754705,0.0024565974067754705,0.03536856093344382,0.05389778587471476,0.06893378155205834,0.945,0.0050000000000000044,0.9042120755340645,0.9690149791986299,0.27145721736756157,0.06945709245559267,0.0690628682222465,0.9943242047801206,0.005675795219879376,,,,True,,True,True,True
three_m_n1000_map_j1e8_logistic_r200_20260805,<source-workspace>/outputs/module5_svgp/three_m_n1000_map_j1e8_logistic_r200_20260805,1000,200,2000,0.95,1.0,strong_homogeneous,320,0.02,population_ate_bb,corrected_cal,corrected,true_ate_repeated_sampling,svgp_onestep_logistic_pi,true_value,,200,,,,,,,,,,,,,-0.0025557828952168476,0.0025557828952168476,0.03691491157550043,0.05374841496513939,0.06887255819394637,0.945,0.0050000000000000044,0.9042120755340645,0.9690149791986299,0.2704994324616804,0.06923443091525815,0.06899783148563211,0.9965826334311084,0.0034173665688915777,,,,True,,True,True,True
three_m_n1000_map_j1e8_logistic_r200_20260805,<source-workspace>/outputs/module5_svgp/three_m_n1000_map_j1e8_logistic_r200_20260805,1000,200,2000,0.95,1.0,strong_homogeneous,400,0.02,population_ate_bb,corrected_cal,corrected,true_ate_repeated_sampling,svgp_onestep_logistic_pi,true_value,,200,,,,,,,,,,,,,-0.002530542801056384,0.002530542801056384,0.036527955946858336,0.05383754074223637,0.06890066670011992,0.945,0.0050000000000000044,0.9042120755340645,0.9690149791986299,0.27112155502360497,0.06927687946015575,0.06902696454301895,0.9963925205770774,0.0036074794229226104,,,,True,,True,True,True
three_m_n1000_map_j1e8_logistic_r200_20260805,<source-workspace>/outputs/module5_svgp/three_m_n1000_map_j1e8_logistic_r200_20260805,1000,200,2000,0.95,1.0,strong_homogeneous,480,0.02,population_ate_bb,corrected_cal,corrected,true_ate_repeated_sampling,svgp_onestep_logistic_pi,true_value,,200,,,,,,,,,,,,,-0.0025906265880304507,0.0025906265880304507,0.037426691741659926,0.053742610764506885,0.06884243950043234,0.95,0.0,0.9104209437021562,0.9726176509713551,0.27060650488713206,0.06921869039113615,0.06896630981646491,0.9963538666616617,0.0036461333383382977,,,,True,,True,True,True
three_m_n1000_map_j1e8_logistic_r200_20260805,<source-workspace>/outputs/module5_svgp/three_m_n1000_map_j1e8_logistic_r200_20260805,1000,200,2000,0.95,1.0,strong_homogeneous,560,0.02,population_ate_bb,corrected_cal,corrected,true_ate_repeated_sampling,svgp_onestep_logistic_pi,true_value,,200,,,,,,,,,,,,,-0.0025214882189116155,0.0025214882189116155,0.03643098423269611,0.05376861991023419,0.06891886431101397,0.945,0.0050000000000000044,0.9042120755340645,0.9690149791986299,0.27075401602923904,0.06921273943097667,0.06904555305787062,0.9975844566407782,0.0024155433592217834,,,,True,,True,True,True
three_m_n1000_map_j1e8_logistic_r200_20260805,<source-workspace>/outputs/module5_svgp/three_m_n1000_map_j1e8_logistic_r200_20260805,1000,200,2000,0.95,1.0,weak_heterogeneous,80,0.02,population_ate_bb,corrected_cal,corrected,true_ate_repeated_sampling,svgp_onestep_logistic_pi,true_value,,200,,,,,,,,,,,,,0.001490283182675097,0.001490283182675097,0.015786065625072804,0.06810734641492347,0.08625453088493396,0.945,0.0050000000000000044,0.9042120755340645,0.9690149791986299,0.37093790931056075,0.09440497829352107,0.08645807160086448,0.9158211056630053,0.08417889433699466,,,,True,,True,True,True
three_m_n1000_map_j1e8_logistic_r200_20260805,<source-workspace>/outputs/module5_svgp/three_m_n1000_map_j1e8_logistic_r200_20260805,1000,200,2000,0.95,1.0,weak_heterogeneous,120,0.02,population_ate_bb,corrected_cal,corrected,true_ate_repeated_sampling,svgp_onestep_logistic_pi,true_value,,200,,,,,,,,,,,,,0.000829599541767079,0.000829599541767079,0.008962627228701264,0.0678591371096568,0.08580851442440028,0.94,0.010000000000000009,0.8980673646931491,0.9653481500987285,0.3632407461821748,0.09256209374751523,0.086019823076623,0.929320195708431,0.07067980429156895,,,,True,,True,True,True
three_m_n1000_map_j1e8_logistic_r200_20260805,<source-workspace>/outputs/module5_svgp/three_m_n1000_map_j1e8_logistic_r200_20260805,1000,200,2000,0.95,1.0,weak_heterogeneous,160,0.02,population_ate_bb,corrected_cal,corrected,true_ate_repeated_sampling,svgp_onestep_logistic_pi,true_value,,200,,,,,,,,,,,,,-0.0003558549773962452,0.0003558549773962452,0.003895194820286166,0.06778464976362443,0.08524266419634584,0.94,0.010000000000000009,0.8980673646931491,0.9653481500987285,0.358411070058709,0.09135742724419156,0.08545582870597661,0.9354009989528227,0.0645990010471773,,,,True,,True,True,True
three_m_n1000_map_j1e8_logistic_r200_20260805,<source-workspace>/outputs/module5_svgp/three_m_n1000_map_j1e8_logistic_r200_20260805,1000,200,2000,0.95,1.0,weak_heterogeneous,240,0.02,population_ate_bb,corrected_cal,corrected,true_ate_repeated_sampling,svgp_onestep_logistic_pi,true_value,,200,,,,,,,,,,,,,-0.0010908595405920273,0.0010908595405920273,0.012057691517751292,0.06724404181387884,0.08463579788161535,0.95,0.0,0.9104209437021562,0.9726176509713551,0.3551794456693457,0.09047001567307206,0.08484113625195623,0.937781823300919,0.06221817669908103,,,,True,,True,True,True
three_m_n1000_map_j1e8_logistic_r200_20260805,<source-workspace>/outputs/module5_svgp/three_m_n1000_map_j1e8_logistic_r200_20260805,1000,200,2000,0.95,1.0,weak_heterogeneous,320,0.02,population_ate_bb,corrected_cal,corrected,true_ate_repeated_sampling,svgp_onestep_logistic_pi,true_value,,200,,,,,,,,,,,,,-0.0013124567577171755,0.0013124567577171755,0.014550695755980279,0.0670200613349426,0.08435160631567212,0.945,0.0050000000000000044,0.9042120755340645,0.9690149791986299,0.35475045420253776,0.09019890043249382,0.08455304270365162,0.937406579218029,0.06259342078197105,,,,True,,True,True,True
three_m_n1000_map_j1e8_logistic_r200_20260805,<source-workspace>/outputs/module5_svgp/three_m_n1000_map_j1e8_logistic_r200_20260805,1000,200,2000,0.95,1.0,weak_heterogeneous,400,0.02,population_ate_bb,corrected_cal,corrected,true_ate_repeated_sampling,svgp_onestep_logistic_pi,true_value,,200,,,,,,,,,,,,,-0.0013559801381055317,0.0013559801381055317,0.015067702935945707,0.06696005992333136,0.0842931118597194,0.945,0.0050000000000000044,0.9042120755340645,0.9690149791986299,0.35351763142466447,0.08999249214494984,0.08449370363898981,0.9388972527052235,0.061102747294776494,,,,True,,True,True,True
three_m_n1000_map_j1e8_logistic_r200_20260805,<source-workspace>/outputs/module5_svgp/three_m_n1000_map_j1e8_logistic_r200_20260805,1000,200,2000,0.95,1.0,weak_heterogeneous,480,0.02,population_ate_bb,corrected_cal,corrected,true_ate_repeated_sampling,svgp_onestep_logistic_pi,true_value,,200,,,,,,,,,,,,,-0.0014491396357198174,0.0014491396357198174,0.016108137084757543,0.06690290570604664,0.08424992219445854,0.945,0.0050000000000000044,0.9042120755340645,0.9690149791986299,0.3535000559753631,0.08996320481349006,0.08444884499621365,0.9387042755012044,0.06129572449879561,,,,True,,True,True,True
three_m_n1000_map_j1e8_logistic_r200_20260805,<source-workspace>/outputs/module5_svgp/three_m_n1000_map_j1e8_logistic_r200_20260805,1000,200,2000,0.95,1.0,weak_heterogeneous,560,0.02,population_ate_bb,corrected_cal,corrected,true_ate_repeated_sampling,svgp_onestep_logistic_pi,true_value,,200,,,,,,,,,,,,,-0.0014491689014204862,0.0014491689014204862,0.016109479413719405,0.06682083335386468,0.08417093973184357,0.945,0.0050000000000000044,0.9042120755340645,0.9690149791986299,0.353084578901324,0.08995752526840331,0.08436965210202019,0.9378832048824068,0.06211679511759316,,,,True,,True,True,True
three_m_n1000_map_j1e8_logistic_r200_20260805,<source-workspace>/outputs/module5_svgp/three_m_n1000_map_j1e8_logistic_r200_20260805,1000,200,2000,0.95,1.0,weak_homogeneous,80,0.02,population_ate_bb,corrected_cal,corrected,true_ate_repeated_sampling,svgp_onestep_logistic_pi,true_value,,200,,,,,,,,,,,,,-0.008046840712317932,0.008046840712317932,0.08607811978155588,0.0728875684114914,0.09106694017741071,0.955,0.0050000000000000044,0.9167024063390322,0.9761477282752958,0.36678777092780906,0.09348299815027027,0.09093835754063113,0.9727796427159009,0.027220357284099106,,,,True,,True,True,True
three_m_n1000_map_j1e8_logistic_r200_20260805,<source-workspace>/outputs/module5_svgp/three_m_n1000_map_j1e8_logistic_r200_20260805,1000,200,2000,0.95,1.0,weak_homogeneous,120,0.02,population_ate_bb,corrected_cal,corrected,true_ate_repeated_sampling,svgp_onestep_logistic_pi,true_value,,200,,,,,,,,,,,,,-0.009264867484875833,0.009264867484875833,0.10085889042629884,0.07336038056889202,0.09120823714070368,0.945,0.0050000000000000044,0.9042120755340645,0.9690149791986299,0.3607180029432563,0.09185970067404221,0.0909641530411571,0.9902509193224687,0.00974908067753133,,,,True,,True,True,True
three_m_n1000_map_j1e8_logistic_r200_20260805,<source-workspace>/outputs/module5_svgp/three_m_n1000_map_j1e8_logistic_r200_20260805,1000,200,2000,0.95,1.0,weak_homogeneous,160,0.02,population_ate_bb,corrected_cal,corrected,true_ate_repeated_sampling,svgp_onestep_logistic_pi,true_value,,200,,,,,,,,,,,,,-0.009992823792525694,0.009992823792525694,0.10987428943308279,0.07277537387150718,0.09047663547873966,0.95,0.0,0.9104209437021562,0.9726176509713551,0.35770787052105263,0.0909477899159627,0.09014876058704976,0.9912144173085322,0.008785582691467786,,,,True,,True,True,True
three_m_n1000_map_j1e8_logistic_r200_20260805,<source-workspace>/outputs/module5_svgp/three_m_n1000_map_j1e8_logistic_r200_20260805,1000,200,2000,0.95,1.0,weak_homogeneous,240,0.02,population_ate_bb,corrected_cal,corrected,true_ate_repeated_sampling,svgp_onestep_logistic_pi,true_value,,200,,,,,,,,,,,,,-0.010401112567317577,0.010401112567317577,0.11553380714644228,0.07255178783863216,0.0903500201083123,0.945,0.0050000000000000044,0.9042120755340645,0.9690149791986299,0.3537128064650783,0.09002657165217347,0.08997455246563571,0.999422179634489,0.000577820365511017,,,,True,,True,True,True
three_m_n1000_map_j1e8_logistic_r200_20260805,<source-workspace>/outputs/module5_svgp/three_m_n1000_map_j1e8_logistic_r200_20260805,1000,200,2000,0.95,1.0,weak_homogeneous,320,0.02,population_ate_bb,corrected_cal,corrected,true_ate_repeated_sampling,svgp_onestep_logistic_pi,true_value,,200,,,,,,,,,,,,,-0.010305251824648157,0.010305251824648157,0.11471739696769453,0.07261538934143093,0.09035821781517153,0.95,0.0,0.9104209437021562,0.9726176509713551,0.3532394507512329,0.08983163928963808,0.08999390996460929,1.001806386661252,0.0018063866612521018,,,,True,,True,True,True
three_m_n1000_map_j1e8_logistic_r200_20260805,<source-workspace>/outputs/module5_svgp/three_m_n1000_map_j1e8_logistic_r200_20260805,1000,200,2000,0.95,1.0,weak_homogeneous,400,0.02,population_ate_bb,corrected_cal,corrected,true_ate_repeated_sampling,svgp_onestep_logistic_pi,true_value,,200,,,,,,,,,,,,,-0.010394092609845591,0.010394092609845591,0.11583798671060477,0.07268046847264521,0.09039866634787097,0.955,0.0050000000000000044,0.9167024063390322,0.9761477282752958,0.352822872763018,0.08972956890051016,0.09002446186990806,1.0032864636820542,0.003286463682054208,,,,True,,True,True,True
three_m_n1000_map_j1e8_logistic_r200_20260805,<source-workspace>/outputs/module5_svgp/three_m_n1000_map_j1e8_logistic_r200_20260805,1000,200,2000,0.95,1.0,weak_homogeneous,480,0.02,population_ate_bb,corrected_cal,corrected,true_ate_repeated_sampling,svgp_onestep_logistic_pi,true_value,,200,,,,,,,,,,,,,-0.010391026476724807,0.010391026476724807,0.11578144496897085,0.07258776943956365,0.09035661689352781,0.94,0.010000000000000009,0.8980673646931491,0.9653481500987285,0.3527780091070142,0.08974690616021917,0.0899823812190646,1.0026237679817624,0.002623767981762448,,,,True,,True,True,True
three_m_n1000_map_j1e8_logistic_r200_20260805,<source-workspace>/outputs/module5_svgp/three_m_n1000_map_j1e8_logistic_r200_20260805,1000,200,2000,0.95,1.0,weak_homogeneous,560,0.02,population_ate_bb,corrected_cal,corrected,true_ate_repeated_sampling,svgp_onestep_logistic_pi,true_value,,200,,,,,,,,,,,,,-0.010602464518418458,0.010602464518418458,0.11832286928880548,0.07270124078024923,0.09041374683971955,0.945,0.0050000000000000044,0.9042120755340645,0.9690149791986299,0.3520152612560683,0.08960621545222752,0.09001526036861063,1.004564916778582,0.004564916778581951,,,,True,,True,True,True
